-- phpMyAdmin SQL Dump
-- version 4.2.11
-- http://www.phpmyadmin.net
--
-- Host: localhost
-- Generation Time: 2015-07-24 10:08:20
-- 服务器版本： 5.6.21
-- PHP Version: 5.6.3

SET SQL_MODE = "NO_AUTO_VALUE_ON_ZERO";
SET time_zone = "+00:00";


/*!40101 SET @OLD_CHARACTER_SET_CLIENT=@@CHARACTER_SET_CLIENT */;
/*!40101 SET @OLD_CHARACTER_SET_RESULTS=@@CHARACTER_SET_RESULTS */;
/*!40101 SET @OLD_COLLATION_CONNECTION=@@COLLATION_CONNECTION */;
/*!40101 SET NAMES utf8 */;

--
-- Database: `baisheng`
--

-- --------------------------------------------------------

--
-- 表的结构 `authassignment`
--

CREATE TABLE IF NOT EXISTS `authassignment` (
  `itemname` varchar(64) NOT NULL,
  `userid` varchar(64) NOT NULL,
  `bizrule` text,
  `data` text
) ENGINE=InnoDB DEFAULT CHARSET=utf8;

--
-- 转存表中的数据 `authassignment`
--

INSERT INTO `authassignment` (`itemname`, `userid`, `bizrule`, `data`) VALUES
('餐厅经理', 'wh1551', NULL, 'N;'),
('餐厅经理', 'whn822', NULL, 'N;'),
('默认角色', 'cdu220', NULL, 'N;'),
('默认角色', 'wh1551', NULL, 'N;'),
('默认角色', 'whn822', NULL, 'N;');

-- --------------------------------------------------------

--
-- 表的结构 `authitem`
--

CREATE TABLE IF NOT EXISTS `authitem` (
  `name` varchar(64) NOT NULL,
  `type` int(11) NOT NULL,
  `description` text,
  `bizrule` text,
  `data` text
) ENGINE=InnoDB DEFAULT CHARSET=utf8;

--
-- 转存表中的数据 `authitem`
--

INSERT INTO `authitem` (`name`, `type`, `description`, `bizrule`, `data`) VALUES
('admincontentcontroller-index', 0, NULL, NULL, NULL),
('admincontentcontroller-logout', 0, NULL, NULL, NULL),
('admincontentcontroller-usernewpass', 0, NULL, NULL, NULL),
('admincontractscontroller-admin', 0, NULL, NULL, NULL),
('admincontractscontroller-exp', 0, NULL, NULL, NULL),
('admincontractscontroller-import', 0, NULL, NULL, NULL),
('admincontractscontroller-index', 0, NULL, NULL, NULL),
('admincontractscontroller-pl', 0, NULL, NULL, NULL),
('admincontractscontroller-sh', 0, NULL, NULL, NULL),
('admincontractscontroller-vimport', 0, NULL, NULL, NULL),
('default', 1, '默认权限', '', ''),
('员工劳动合同追踪', 1, '', '', ''),
('餐厅经理', 2, '', '', ''),
('默认角色', 2, '', '', '');

-- --------------------------------------------------------

--
-- 表的结构 `authitemchild`
--

CREATE TABLE IF NOT EXISTS `authitemchild` (
  `parent` varchar(64) NOT NULL,
  `child` varchar(64) NOT NULL
) ENGINE=InnoDB DEFAULT CHARSET=utf8;

--
-- 转存表中的数据 `authitemchild`
--

INSERT INTO `authitemchild` (`parent`, `child`) VALUES
('default', 'admincontentcontroller-index'),
('default', 'admincontentcontroller-logout'),
('default', 'admincontentcontroller-usernewpass'),
('员工劳动合同追踪', 'admincontractscontroller-index'),
('员工劳动合同追踪', 'admincontractscontroller-pl'),
('默认角色', 'default'),
('餐厅经理', '员工劳动合同追踪');

-- --------------------------------------------------------

--
-- 表的结构 `bs_admin`
--

CREATE TABLE IF NOT EXISTS `bs_admin` (
  `username` varchar(128) NOT NULL COMMENT '用户名',
  `tel` varchar(64) DEFAULT NULL COMMENT '电话',
  `name` varchar(45) DEFAULT NULL COMMENT '用户名',
  `dep_name` varchar(45) DEFAULT NULL COMMENT '部门名',
  `type` int(11) NOT NULL COMMENT '1，2，3办公室，餐厅',
  `ct_name` varchar(128) DEFAULT NULL COMMENT '餐厅名',
  `dh_name` varchar(16) DEFAULT NULL COMMENT '店号',
  `ct_boss` varchar(16) DEFAULT NULL COMMENT '餐厅boss',
  `desc` text COMMENT '杂项'
) ENGINE=InnoDB DEFAULT CHARSET=utf8;

--
-- 转存表中的数据 `bs_admin`
--

INSERT INTO `bs_admin` (`username`, `tel`, `name`, `dep_name`, `type`, `ct_name`, `dh_name`, `ct_boss`, `desc`) VALUES
('abby.zhang', '63724061', '张楠婕', '重庆办公室-必胜客营运部', 1, '', '', '', '手机号:18628222399 \r\n分机号:237 \r\n传真:023-63030440 \r\n品牌类型:必胜客 \r\n'),
('admin', '85319487/85319467', '', '', 0, '', '', '', '\r\n'),
('alex.ma', '62736662', '马旌文', '成都办公室-营建设施部', 1, '', '', '', '手机号:18011570928 \r\n分机号:6662 \r\n传真:028-86202311*3426 \r\n品牌类型:肯德基 \r\n'),
('alice.deng', '62736698', '邓璐璐', '成都办公室-必胜宅急送营运部', 1, '', '', '', '手机号:18628330380 \r\n分机号:6698 \r\n传真:028-86202311*2287 \r\n品牌类型:必胜宅急送 \r\n'),
('alice.hao', '63724061', '郝新星', '重庆办公室-肯德基营运部', 1, '', '', '', '手机号:15923262166 \r\n分机号:202 \r\n传真:023-63030440 \r\n品牌类型:肯德基 \r\n'),
('alin.kwok', '62736699', '郭军', '成都办公室-资讯技术部', 1, '', '', '', '手机号:18981969925 \r\n分机号:6699 \r\n传真:028-86202311*2323 \r\n品牌类型:肯德基 \r\n'),
('aminy.cai', '', '蔡玉娟', '成都办公室-必胜客营运部', 1, '', '', '', '手机号:18583680816 \r\n分机号: \r\n传真:028-86202311*2287 \r\n品牌类型:必胜客 \r\n'),
('andrew-cdu.chen', '62736680', '陈胤', '成都办公室-市场企划部', 1, '', '', '', '手机号:13993181299 \r\n分机号:6680 \r\n传真:028-86202311 *3416 \r\n品牌类型:肯德基 \r\n'),
('andy.da', '62736860', '达小林', '成都办公室-肯德基营运部', 1, '', '', '', '手机号:18628036033 \r\n分机号:6860 \r\n传真: \r\n品牌类型:肯德基 \r\n'),
('angel.zheng', '62736688', '郑慧', '成都办公室-必胜客营运部', 1, '', '', '', '手机号: \r\n分机号:6688 \r\n传真:028-86202311*2287 \r\n品牌类型:必胜客 \r\n'),
('annie.yan', '62736819', '颜桂香', '成都办公室-市场训练部', 1, '', '', '', '手机号: \r\n分机号:6819 \r\n传真:028-86202311*2294 \r\n品牌类型:肯德基 \r\n'),
('anson.ma', '63179918', '马钰屏', '昆明办公室-必胜客营运部', 1, '', '', '', '手机号:13558819284 \r\n分机号: \r\n传真:0871-63171708 \r\n品牌类型:必胜客 \r\n'),
('apple.chen', '62736681', '陈丽萍', '成都办公室-市场企划部', 1, '', '', '', '手机号: \r\n分机号:6681 \r\n传真:028-86202311 *3416 \r\n品牌类型:肯德基 \r\n'),
('baigao.za', '62736646', '查白高', '成都办公室-营建设施部', 1, '', '', '', '手机号:13540663566 \r\n分机号:6646 \r\n传真:028-86202311*3426 \r\n品牌类型:肯德基 \r\n'),
('bengao.zhang', '63724061', '张本高', '重庆办公室-营建设施部', 1, '', '', '', '手机号:13108998360 \r\n分机号:226 \r\n传真:023-63030440 \r\n品牌类型:肯德基 \r\n'),
('benjamin.zhang', '62736770', '张维', '成都办公室-公共事物部', 1, '', '', '', '手机号:18658150105 \r\n分机号:6770 \r\n传真:028-86202311*2143 \r\n品牌类型:肯德基 \r\n'),
('bin-cdu.wu', '63179918', '武斌', '昆明办公室-肯德基营运部', 1, '', '', '', '手机号:18687123035 \r\n分机号:201 \r\n传真:0871-63171708 \r\n品牌类型:肯德基 \r\n'),
('bin.zhao', '63179918', '赵彬', '昆明办公室-营建设施部', 1, '', '', '', '手机号:18687529366 \r\n分机号:223 \r\n传真:0871-63171708 \r\n品牌类型:肯德基 \r\n'),
('bixia.wang', '62736897', '王璧霞', '成都办公室-财务部', 1, '', '', '', '手机号: \r\n分机号:6897 \r\n传真:028-86202311*2242 \r\n品牌类型:肯德基 \r\n'),
('bo.hou', '62736668', '侯波', '成都办公室-营建设施部', 1, '', '', '', '手机号:13808031373 \r\n分机号:6668 \r\n传真:028-86202311*3426 \r\n品牌类型:肯德基 \r\n'),
('bo.meng', '62736736', '孟波', '成都办公室-品管部', 1, '', '', '', '手机号:13551093915 \r\n分机号:6736 \r\n传真:028-86202311*3542 \r\n品牌类型:肯德基 \r\n'),
('bo.ming', '62736806', '明波', '成都办公室-资讯技术部', 1, '', '', '', '手机号:13568883964 \r\n分机号:6806 \r\n传真:028-86202311*2326 \r\n品牌类型:肯德基 \r\n'),
('bo.xu', '63724061', '徐波', '重庆办公室-肯德基营运部', 1, '', '', '', '手机号:18696512121 \r\n分机号: \r\n传真:023-63030440 \r\n品牌类型:肯德基 \r\n'),
('carol.li', '62736695', '李辉', '成都办公室-必胜客营运部', 1, '', '', '', '手机号:13880770663 \r\n分机号:6695 \r\n传真:028-86202311*2287 \r\n品牌类型:必胜客 \r\n'),
('cathy.li', '62736862', '李倩', '成都办公室-肯德基营运部', 1, '', '', '', '手机号: \r\n分机号:6862 \r\n传真: \r\n品牌类型:肯德基 \r\n'),
('cdu002', '028-86241901/86263434', '李文情', '成都', 2, '八宝', 'CDU002', '李文情', '地址:成都市八宝街1号家乐福一楼 \r\n邮编:610031 \r\n开店日期:96.01.01 \r\n二次开店日:00.11.05 \r\n区经理:陈兴亚 \r\n营运经理:刘婉颖 \r\n业务形态1:24小时 \r\n业务形态2:宅急送 \r\n业务形态3: \r\n品牌分类:肯德基 \r\n'),
('cdu005', '028-85591150/85567277', '施以波', '成都', 2, '华达', 'CDU005', '施以波', '地址:成都市武侯大街266号华达商厦一楼,二楼 \r\n邮编:610041 \r\n开店日期:96.11.23 \r\n二次开店日:09.08.20 \r\n区经理:王峥 \r\n营运经理:王磊 \r\n业务形态1:24小时 \r\n业务形态2:宅急送 \r\n业务形态3: \r\n品牌分类:肯德基 \r\n'),
('cdu019', '0830-2281621/ 2281595', '刘永鸽', '泸州', 2, '佳乐', 'CDU019', '刘永鸽', '地址:四川省泸州市滨江路佳乐广场佳乐大厦二楼 \r\n邮编:646000 \r\n开店日期:01.06.01 \r\n二次开店日: \r\n区经理:周明 \r\n营运经理:高晖 \r\n业务形态1: \r\n业务形态2: \r\n业务形态3: \r\n品牌分类:肯德基 \r\n'),
('cdu022', '0851-85871174 / 85821709', '涂念念', '贵阳', 2, '华中', 'CDU022', '涂念念', '地址:贵阳市中华南街246号贵阳百货大楼负一层 \r\n邮编:550001 \r\n开店日期:01.09.23 \r\n二次开店日: \r\n区经理:周娟 \r\n营运经理:刘鹏 \r\n业务形态1: \r\n业务形态2: \r\n业务形态3: \r\n品牌分类:肯德基 \r\n'),
('cdu027', '028-85137635/85142511', '唐瑜', '成都', 2, '大世界', 'CDU027', '唐瑜', '地址:成都市新光路大世界商业广场中心商厦一层 \r\n邮编:610041 \r\n开店日期:02.03.16 \r\n二次开店日: \r\n区经理:王欢 \r\n营运经理:刘婉颖 \r\n业务形态1:24小时 \r\n业务形态2:宅急送 \r\n业务形态3: \r\n品牌分类:肯德基 \r\n'),
('cdu031', '', '', '成都', 2, '孵化园地铁站精选店', 'CDU031', '', '地址:高新区锦城大道西段奥克斯广场西区负一层 \r\n邮编:610000 \r\n开店日期: \r\n二次开店日: \r\n区经理: \r\n营运经理: \r\n业务形态1: \r\n业务形态2: \r\n业务形态3: \r\n品牌分类:肯德基 \r\n'),
('cdu032', '0812-3343558/3343556', '吴丽萍', '攀枝花', 2, '阳光', 'CDU032', '吴丽萍', '地址:攀枝花市炳草岗江南三路德铭阳光购物中心一层 \r\n邮编:617000 \r\n开店日期:02.10.19 \r\n二次开店日: \r\n区经理:苏文颍 \r\n营运经理:高晖 \r\n业务形态1: \r\n业务形态2: \r\n业务形态3: \r\n品牌分类:肯德基 \r\n'),
('cdu033', '0813-2305683/2306396', '秦凤杰', '自贡', 2, '五星', 'CDU033', '秦凤杰', '地址:自贡市五星街帝豪广场一楼 \r\n邮编:643010 \r\n开店日期:02.11.30 \r\n二次开店日: \r\n区经理:肖霞 \r\n营运经理:高晖 \r\n业务形态1: \r\n业务形态2: \r\n业务形态3: \r\n品牌分类:肯德基 \r\n'),
('cdu034', '028-84430585/84430579', '冯剑', '成都', 2, '双桥', 'CDU034', '冯剑', '地址:成都市成华区经华北路2号一楼 \r\n邮编:610071 \r\n开店日期:03.01.26 \r\n二次开店日: \r\n区经理:甘扬 \r\n营运经理:王磊 \r\n业务形态1:24小时 \r\n业务形态2:宅急送 \r\n业务形态3: \r\n品牌分类:肯德基 \r\n'),
('cdu035', '028-86650418/86651905', '童莉', '成都', 2, '春禧', 'CDU035', '童莉', '地址:成都市大科甲巷1-21号一楼，二楼 \r\n邮编:610017 \r\n开店日期:03.07.11 \r\n二次开店日: \r\n区经理:程艳 \r\n营运经理:王磊 \r\n业务形态1: \r\n业务形态2: \r\n业务形态3: \r\n品牌分类:肯德基 \r\n'),
('cdu036', '028-84311740/84310863', '邓玉', '成都', 2, '建设', 'CDU036', '邓玉', '地址:成都市建设路47号一楼 \r\n邮编:610051 \r\n开店日期:03.07.13 \r\n二次开店日: \r\n区经理:杨晓秋 \r\n营运经理:达小林 \r\n业务形态1:24小时 \r\n业务形态2:宅急送 \r\n业务形态3: \r\n品牌分类:肯德基 \r\n'),
('cdu037', '028-87010461/87010524', '张飞', '成都', 2, '逸都', 'CDU037', '张飞', '地址:成都市二环路西二段同辉国际购物广场C幢2楼 \r\n邮编:610041 \r\n开店日期:03.10.26 \r\n二次开店日:08.12.30 \r\n区经理:王峥 \r\n营运经理:王磊 \r\n业务形态1:24小时 \r\n业务形态2:宅急送 \r\n业务形态3: \r\n品牌分类:肯德基 \r\n'),
('cdu038', '0817-2221366', '徐尧', '南充', 2, '模范', 'CDU038', '徐尧', '地址:南充市人民南路模范街南充大都会A幢一楼 \r\n邮编:637000 \r\n开店日期:03.09.21 \r\n二次开店日:10.11.28 \r\n区经理:曾强 \r\n营运经理:达小林 \r\n业务形态1:24小时 \r\n业务形态2: \r\n业务形态3: \r\n品牌分类:肯德基 \r\n'),
('cdu039', '0825-2232739/2237170', '冉宇', '遂宁', 2, '春天', 'CDU039', '冉宇', '地址:遂宁市遂州南路春天广场1-2层 \r\n邮编:629000 \r\n开店日期:03.10.18 \r\n二次开店日: \r\n区经理:杨忠学 \r\n营运经理:达小林 \r\n业务形态1:24小时 \r\n业务形态2: \r\n业务形态3: \r\n品牌分类:肯德基 \r\n'),
('cdu040', '82831827/82831800', '毛英/陈丹丹', '成都', 2, '蜀汉', 'CDU040', '毛英/陈丹丹', '地址:成都市蜀汉路欧尚超市一层 \r\n邮编:610000 \r\n开店日期:03.11.08 \r\n二次开店日:12.11.23 \r\n区经理:宋佳励 \r\n营运经理:王磊 \r\n业务形态1:24小时 \r\n业务形态2:宅急送 \r\n业务形态3: \r\n品牌分类:肯德基 \r\n'),
('cdu043', '0851-85815252 /85868565', '王亚惠', '贵阳', 2, '人民广场', 'CDU043', '王亚惠', '地址:贵阳市遵义路人民广场地下室 \r\n邮编:550001 \r\n开店日期:04.05.28 \r\n二次开店日: \r\n区经理:周娟 \r\n营运经理:刘鹏 \r\n业务形态1: \r\n业务形态2:宅急送 \r\n业务形态3: \r\n品牌分类:肯德基 \r\n'),
('cdu050', '0816-2230873/2230921', '何冬梅', '绵阳', 2, '天津桥', 'CDU050', '何冬梅', '地址:绵阳市涪城区安昌路17号涪陵大厦一楼 \r\n邮编:621000 \r\n开店日期:05.05.28 \r\n二次开店日: \r\n区经理:黄莹 \r\n营运经理:刘婉颖 \r\n业务形态1: \r\n业务形态2: \r\n业务形态3: \r\n品牌分类:肯德基 \r\n'),
('cdu051', '0812-3340521/3340531', '周莉莉', '攀枝花', 2, '新华', 'CDU051', '周莉莉', '地址:四川省攀枝花市新华街世贸中心大楼一层 \r\n邮编:617000 \r\n开店日期:06.09.23 \r\n二次开店日: \r\n区经理:苏文颍 \r\n营运经理:高晖 \r\n业务形态1: \r\n业务形态2:宅急送 \r\n业务形态3: \r\n品牌分类:肯德基 \r\n'),
('cdu054', '87677236/87677246', '张尤', '成都', 2, '会展', 'CDU054', '张尤', '地址:成都市沙湾路258号会展中心一层 \r\n邮编:610000 \r\n开店日期:05.09.11 \r\n二次开店日: \r\n区经理:陈兴亚 \r\n营运经理:刘婉颖 \r\n业务形态1:24小时 \r\n业务形态2:宅急送 \r\n业务形态3: \r\n品牌分类:肯德基 \r\n'),
('cdu055', '0851-85830861/85821770', '袁敏', '贵阳', 2, '腾达', 'CDU055', '袁敏', '地址:贵阳市中山西路78号国晨百货负一楼、一楼 \r\n邮编:550001 \r\n开店日期:05.11.12 \r\n二次开店日: \r\n区经理:周娟 \r\n营运经理:刘鹏 \r\n业务形态1:24小时 \r\n业务形态2:宅急送 \r\n业务形态3: \r\n品牌分类:肯德基 \r\n'),
('cdu061', '028-86277726/86277376', '谭丽（代）', '成都', 2, '新城市广场', 'CDU061', '谭丽（代）', '地址:成都市西大街1号新城市广场二楼 \r\n邮编:610000 \r\n开店日期:06.04.29 \r\n二次开店日:13.04.23 \r\n区经理:陈兴亚 \r\n营运经理:刘婉颖 \r\n业务形态1: \r\n业务形态2:宅急送 \r\n业务形态3: \r\n品牌分类:肯德基 \r\n'),
('cdu063', '0818-2389977/2391177', '郭华', '达州', 2, '老车坝', 'CDU063', '郭华', '地址:达州市通川中路17号世纪广场一、二层 \r\n邮编:610000 \r\n开店日期:06.06.01 \r\n二次开店日:13.07.29 \r\n区经理:王峥 \r\n营运经理:王磊 \r\n业务形态1:24小时 \r\n业务形态2: \r\n业务形态3: \r\n品牌分类:肯德基 \r\n'),
('cdu064', '0852-28639556 / 28683522', '钟波', '遵义', 2, '港澳广场', 'CDU064', '钟波', '地址:遵义市澳门路8号 \r\n邮编:563000 \r\n开店日期:06.09.09 \r\n二次开店日: \r\n区经理:刘维萍 \r\n营运经理:刘鹏 \r\n业务形态1:24小时 \r\n业务形态2: \r\n业务形态3: \r\n品牌分类:肯德基 \r\n'),
('cdu065', '0851-85257317 / 85257316', '李琴', '贵阳', 2, '富水', 'CDU065', '李琴', '地址:贵阳市富水北路1号 \r\n邮编:550001 \r\n开店日期:06.09.13 \r\n二次开店日:13.09.29 \r\n区经理:李璇 \r\n营运经理:刘鹏 \r\n业务形态1:24小时 \r\n业务形态2:宅急送 \r\n业务形态3: \r\n品牌分类:肯德基 \r\n'),
('cdu066', '028-87621715/87627235', '彭真臻', '成都', 2, '交大', 'CDU066', '彭真臻', '地址:成都市交大路183号 \r\n邮编:610000 \r\n开店日期:06.09.28 \r\n二次开店日: \r\n区经理:王永峰 \r\n营运经理:王磊 \r\n业务形态1:24小时 \r\n业务形态2:宅急送 \r\n业务形态3: \r\n品牌分类:肯德基 \r\n'),
('cdu067', '028-85493886/85493786', '胡鹏', '成都', 2, '跳伞塔', 'CDU067', '胡鹏', '地址:成都市一环路南二段17号@世界资讯广场负一楼东侧 \r\n邮编:610000 \r\n开店日期:07.01.20 \r\n二次开店日: \r\n区经理:郑静 \r\n营运经理:高晖 \r\n业务形态1:24小时 \r\n业务形态2: \r\n业务形态3: \r\n品牌分类:肯德基 \r\n'),
('cdu068', '028-86700146/86700147', '付岚', '成都', 2, '财富', 'CDU068', '付岚', '地址:成都市锦江区青石桥南街大业路6号1-2层 \r\n邮编:610000 \r\n开店日期:07.01.27 \r\n二次开店日:13.12.14 \r\n区经理:杜静 \r\n营运经理:达小林 \r\n业务形态1:24小时 \r\n业务形态2:宅急送 \r\n业务形态3: \r\n品牌分类:肯德基 \r\n'),
('cdu069', '0816-2317332/2317335', '苟金清', '绵阳', 2, '科技桥', 'CDU069', '苟金清', '地址:绵阳市临园路东段74号 \r\n邮编:621000 \r\n开店日期:07.02.02 \r\n二次开店日: \r\n区经理:胡春丽 \r\n营运经理:刘婉颖 \r\n业务形态1: \r\n业务形态2:宅急送 \r\n业务形态3: \r\n品牌分类:肯德基 \r\n'),
('cdu070', '028-85205501/85205502', '冯雪君', '成都', 2, '机场', 'CDU070', '冯雪君', '地址:成都市双流国际机场侯机楼A指廓内A-YC-2 \r\n邮编:610000 \r\n开店日期:14.11.29 \r\n二次开店日: \r\n区经理:王欢 \r\n营运经理:刘婉颖 \r\n业务形态1: \r\n业务形态2: \r\n业务形态3: \r\n品牌分类:肯德基 \r\n'),
('cdu072', '028-86673661/86673881', '李纯', '成都', 2, '新世界', 'CDU072', '李纯', '地址:成都市锦江区盐市口顺城大街8号 \r\n邮编:610000 \r\n开店日期:07.04.26 \r\n二次开店日:15.04.08 \r\n区经理:杜静 \r\n营运经理:达小林 \r\n业务形态1: \r\n业务形态2:宅急送 \r\n业务形态3: \r\n品牌分类:肯德基 \r\n'),
('cdu073', '028-83328862/83328082', '夏勇', '成都', 2, '火车站', 'CDU073', '夏勇', '地址:成都市人民北路火车北站侯车大厅一层 \r\n邮编:610000 \r\n开店日期:07.07.22 \r\n二次开店日: \r\n区经理:杨忠学 \r\n营运经理:达小林 \r\n业务形态1:24小时 \r\n业务形态2: \r\n业务形态3: \r\n品牌分类:肯德基 \r\n'),
('cdu074', '028-83315280/83315300', '张奔', '成都', 2, '站前广场', 'CDU074', '张奔', '地址:成都市二环路北三段363号万通商城一、二层 \r\n邮编:610000 \r\n开店日期:07.08.09 \r\n二次开店日: \r\n区经理:杨忠学 \r\n营运经理:达小林 \r\n业务形态1: \r\n业务形态2:宅急送 \r\n业务形态3: \r\n品牌分类:肯德基 \r\n'),
('cdu075', '028-66322955/66322956', '曲劲强', '成都', 2, '站华', 'CDU075', '曲劲强', '地址:成都市高新区站华路9号 \r\n邮编:610000 \r\n开店日期:07.11.09 \r\n二次开店日: \r\n区经理:王欢 \r\n营运经理:刘婉颖 \r\n业务形态1: \r\n业务形态2: \r\n业务形态3: \r\n品牌分类:肯德基 \r\n'),
('cdu076', '028-86728370/86728063', '田甜', '成都', 2, '明都', 'CDU076', '田甜', '地址:成都市青年路18号明都大厦一、二层 \r\n邮编:610000 \r\n开店日期:07.11.11 \r\n二次开店日: \r\n区经理:杜静 \r\n营运经理:达小林 \r\n业务形态1: \r\n业务形态2: \r\n业务形态3: \r\n品牌分类:肯德基 \r\n'),
('cdu077', '028-84191374/84191384', '张翔', '成都', 2, '锦华万达', 'CDU077', '张翔', '地址:成都市新成仁路口万达锦华城 \r\n邮编:610000 \r\n开店日期:07.12.22 \r\n二次开店日: \r\n区经理:郑静 \r\n营运经理:高晖 \r\n业务形态1:24小时 \r\n业务形态2:宅急送 \r\n业务形态3: \r\n品牌分类:肯德基 \r\n'),
('cdu078', '028-8171069281710529', '刘欢', '成都', 2, '光华', 'CDU078', '刘欢', '地址:成都市青羊区光华村街10号大地新光华广场 \r\n邮编:610000 \r\n开店日期:07.12.21 \r\n二次开店日: \r\n区经理:郑静 \r\n营运经理:高晖 \r\n业务形态1:24小时 \r\n业务形态2:宅急送 \r\n业务形态3: \r\n品牌分类:肯德基 \r\n'),
('cdu079', '028-87433087/87437913', '王智勇', '成都', 2, '晋阳', 'CDU079', '王智勇', '地址:成都市晋阳路269号瑞泰锦城千盛百货1F \r\n邮编:610000 \r\n开店日期:08.01.24 \r\n二次开店日:15.04.09 \r\n区经理:程艳 \r\n营运经理:王磊 \r\n业务形态1:24小时 \r\n业务形态2:宅急送 \r\n业务形态3: \r\n品牌分类:肯德基 \r\n'),
('cdu080', '028-86242302/86246985', '张绪强', '成都', 2, '新少城', 'CDU080', '张绪强', '地址:成都市蜀都大道少城路11号一、二层 \r\n邮编:610015 \r\n开店日期:96.08.09 \r\n二次开店日:07.11.11 \r\n区经理:杜静 \r\n营运经理:达小林 \r\n业务形态1:24小时 \r\n业务形态2:宅急送 \r\n业务形态3: \r\n品牌分类:肯德基 \r\n'),
('cdu081', '0832-2031136/2032836', '姚川', '内江', 2, '上南', 'CDU081', '姚川', '地址:内江市市中区上南街2号百货大楼一层 \r\n邮编:641000 \r\n开店日期:08.02.04 \r\n二次开店日: \r\n区经理:肖霞 \r\n营运经理:高晖 \r\n业务形态1: \r\n业务形态2:宅急送 \r\n业务形态3: \r\n品牌分类:肯德基 \r\n'),
('cdu083', '0831-88855568228187', '冉春', '宜宾', 2, '大观楼', 'CDU083', '冉春', '地址:宜宾市翠屏区西街30号 \r\n邮编:644000 \r\n开店日期:08.05.09 \r\n二次开店日: \r\n区经理:周明 \r\n营运经理:高晖 \r\n业务形态1: \r\n业务形态2: \r\n业务形态3: \r\n品牌分类:肯德基 \r\n'),
('cdu084', '0858-8683116/8683126', '周玉', '六盘水', 2, '太阳广场', 'CDU084', '周玉', '地址:六盘水市钟山区人民广场天龙路太阳商业广场1楼 \r\n邮编:553000 \r\n开店日期:08.09.13 \r\n二次开店日: \r\n区经理:李璇 \r\n营运经理:刘鹏 \r\n业务形态1:24小时 \r\n业务形态2: \r\n业务形态3: \r\n品牌分类:肯德基 \r\n'),
('cdu085', '028-8581182585817956', '徐双英', '成都', 2, '双流东升', 'CDU085', '徐双英', '地址:成都市双流县东升镇湾化路万达明诚百货一楼 \r\n邮编:610000 \r\n开店日期:08.08.05 \r\n二次开店日: \r\n区经理:刘先波 \r\n营运经理:达小林 \r\n业务形态1:24小时 \r\n业务形态2:宅急送 \r\n业务形态3: \r\n品牌分类:肯德基 \r\n'),
('cdu087', '0851-85828621 / 85828721', '杨惠', '贵阳', 2, '喷水池', 'CDU087', '杨惠', '地址:贵阳市云岩区中华中路168号一二层 \r\n邮编:550001 \r\n开店日期:09.03.21 \r\n二次开店日: \r\n区经理:李璇 \r\n营运经理:刘鹏 \r\n业务形态1:24小时 \r\n业务形态2: \r\n业务形态3: \r\n品牌分类:肯德基 \r\n'),
('cdu088', '0858-8293200/8293212', '石瑞', '六盘水', 2, '海鑫', 'CDU088', '石瑞', '地址:六盘水市钟山西路海鑫商业广场肯德基餐厅 \r\n邮编:553000 \r\n开店日期:08.12.28 \r\n二次开店日: \r\n区经理:李璇 \r\n营运经理:刘鹏 \r\n业务形态1: \r\n业务形态2: \r\n业务形态3: \r\n品牌分类:肯德基 \r\n'),
('cdu089', '028-61898207/61898208', '张杰', '成都', 2, '华侨城', 'CDU089', '张杰', '地址:成都市沙西线1号成都市华侨城广场 \r\n邮编:610000 \r\n开店日期:09.01.16 \r\n二次开店日: \r\n区经理:王永峰 \r\n营运经理:王磊 \r\n业务形态1: \r\n业务形态2: \r\n业务形态3: \r\n品牌分类:肯德基 \r\n'),
('cdu091', '0825-6639311/6639312', '张小庆', '射洪', 2, '太和', 'CDU091', '张小庆', '地址:遂宁市射洪县太和镇太和大道世纪摩登51-52号 \r\n邮编:629000 \r\n开店日期:09.03.28 \r\n二次开店日: \r\n区经理:杜静 \r\n营运经理:达小林 \r\n业务形态1:24小时 \r\n业务形态2: \r\n业务形态3: \r\n品牌分类:肯德基 \r\n'),
('cdu092', '028-61860015/61860016/61860017', '杨艳', '成都', 2, '优品道', 'CDU092', '杨艳', '地址:成都市青羊大道99号优品道商业广场 \r\n邮编:610000 \r\n开店日期:09.04.25 \r\n二次开店日: \r\n区经理:郑静 \r\n营运经理:高晖 \r\n业务形态1:24小时 \r\n业务形态2:宅急送 \r\n业务形态3: \r\n品牌分类:肯德基 \r\n'),
('cdu093', '0817-2236185/2236187/2236460', '杜冰冰', '南充', 2, '文化', 'CDU093', '杜冰冰', '地址:南充市文化路9号 \r\n邮编:637000 \r\n开店日期:09.05.27 \r\n二次开店日: \r\n区经理:曾强 \r\n营运经理:达小林 \r\n业务形态1:24小时 \r\n业务形态2: \r\n业务形态3: \r\n品牌分类:肯德基 \r\n'),
('cdu094', '028-38186459', '刘文娟', '眉山', 2, '三苏', 'CDU094', '刘文娟', '地址:眉山市环湖西路9号三苏广场肯德基餐厅 \r\n邮编:620010 \r\n开店日期:09.05.57 \r\n二次开店日: \r\n区经理:冯之蕾 \r\n营运经理:王磊 \r\n业务形态1: \r\n业务形态2: \r\n业务形态3: \r\n品牌分类:肯德基 \r\n'),
('cdu095', '0851-28251986 / 28260836', '罗娅', '遵义', 2, '民主', 'CDU095', '罗娅', '地址:遵义市玉屏路龙华老城新街B区1935新世纪精品百货广场大厦 \r\n邮编:563000 \r\n开店日期:09.04.24 \r\n二次开店日: \r\n区经理:刘维萍 \r\n营运经理:刘鹏 \r\n业务形态1: \r\n业务形态2: \r\n业务形态3: \r\n品牌分类:肯德基 \r\n'),
('cdu100', '0831-2339148/2339149', '吴凯旋', '宜宾', 2, '南岸', 'CDU100', '吴凯旋', '地址:宜宾市翠屏区南岸酒都中段嘉信茂广场.南岸.宜宾一层01-08室和二层02-01/02室 \r\n邮编:644000 \r\n开店日期:09.05.20 \r\n二次开店日: \r\n区经理:周明 \r\n营运经理:高晖 \r\n业务形态1: \r\n业务形态2: \r\n业务形态3: \r\n品牌分类:肯德基 \r\n'),
('cdu101', '0825-2681193/2681196', '杨青', '遂宁', 2, '嘉禾', 'CDU101', '杨青', '地址:遂宁市嘉禾西路近水楼台肯德基 \r\n邮编:629000 \r\n开店日期:10.04.28 \r\n二次开店日: \r\n区经理:杨忠学 \r\n营运经理:达小林 \r\n业务形态1: \r\n业务形态2: \r\n业务形态3: \r\n品牌分类:肯德基 \r\n'),
('cdu102', '0834-3201761/3201751', '张海霞', '西昌', 2, '航天', 'CDU102', '张海霞', '地址:西昌市航天大道2段世纪MALL首层 \r\n邮编:615000 \r\n开店日期:10.07.08 \r\n二次开店日: \r\n区经理:苏文颍 \r\n营运经理:高晖 \r\n业务形态1: \r\n业务形态2:宅急送 \r\n业务形态3: \r\n品牌分类:肯德基 \r\n'),
('cdu103', '0838-2512525/2519696', '张娜', '德阳', 2, '天山', 'CDU103', '张娜', '地址:德阳市天山北路6号嘉信茂广场1楼 \r\n邮编:610000 \r\n开店日期:09.07.08 \r\n二次开店日: \r\n区经理:胡春丽 \r\n营运经理:刘婉颖 \r\n业务形态1:24小时 \r\n业务形态2:宅急送 \r\n业务形态3: \r\n品牌分类:肯德基 \r\n'),
('cdu104', '028-87680292/87680323', '张建琼', '成都', 2, '加州湾', 'CDU104', '张建琼', '地址:成都市金牛区二环路北一段10号 嘉茂购物中心 1、2层 \r\n邮编:610000 \r\n开店日期:09.09.19 \r\n二次开店日: \r\n区经理:陈兴亚 \r\n营运经理:刘婉颖 \r\n业务形态1:24小时 \r\n业务形态2: \r\n业务形态3: \r\n品牌分类:肯德基 \r\n'),
('cdu105', '0817-2239252/2239253/2221828', '苏科', '南充', 2, '北湖', 'CDU105', '苏科', '地址:南充市顺庆区164号北湖广场负一层 \r\n邮编:637000 \r\n开店日期:09.06.27 \r\n二次开店日: \r\n区经理:曾强 \r\n营运经理:达小林 \r\n业务形态1: \r\n业务形态2:宅急送 \r\n业务形态3: \r\n品牌分类:肯德基 \r\n'),
('cdu106', '028-85017712/85011180', '宴强', '成都', 2, '簇桥', 'CDU106', '宴强', '地址:成都市簇桥簇锦北路138号千盛生活广场1楼 \r\n邮编:610000 \r\n开店日期:09.07.28 \r\n二次开店日: \r\n区经理:刘先波 \r\n营运经理:达小林 \r\n业务形态1:24小时 \r\n业务形态2:宅急送 \r\n业务形态3: \r\n品牌分类:肯德基 \r\n'),
('cdu107', '028-86620275/86621852', '周春龙', '成都', 2, '文武', 'CDU107', '周春龙', '地址:成都市文武路42号A区一层 \r\n邮编:610000 \r\n开店日期:09.07.19 \r\n二次开店日: \r\n区经理:陈兴亚 \r\n营运经理:刘婉颖 \r\n业务形态1:24小时 \r\n业务形态2:宅急送 \r\n业务形态3: \r\n品牌分类:肯德基 \r\n'),
('cdu109', '0816-2240413/2220462', '邵凌云', '绵阳', 2, '新涪城', 'CDU109', '邵凌云', '地址:绵阳市涪城路28号美一天百货一楼 \r\n邮编:621000 \r\n开店日期:09.09.30 \r\n二次开店日: \r\n区经理:黄莹 \r\n营运经理:刘婉颖 \r\n业务形态1: \r\n业务形态2: \r\n业务形态3: \r\n品牌分类:肯德基 \r\n'),
('cdu110', '0816-2244429/2244492', '张蕾', '绵阳', 2, '公园口', 'CDU110', '张蕾', '地址:绵阳市涪城区临园路东段58号 \r\n邮编:621000 \r\n开店日期:09.09.04 \r\n二次开店日: \r\n区经理:胡春丽 \r\n营运经理:刘婉颖 \r\n业务形态1:24小时 \r\n业务形态2:宅急送 \r\n业务形态3: \r\n品牌分类:肯德基 \r\n'),
('cdu116', '', '', '成都', 2, '黄忠', 'CDU116', '', '地址:成都市同禾路1号 \r\n邮编:610000 \r\n开店日期: \r\n二次开店日: \r\n区经理: \r\n营运经理: \r\n业务形态1: \r\n业务形态2: \r\n业务形态3: \r\n品牌分类:肯德基 \r\n'),
('cdu117', '0818-2384006/2384116', '胡娟', '达州', 2, '朝阳', 'CDU117', '胡娟', '地址:达州市朝阳东路滨江名都城一层 \r\n邮编:610000 \r\n开店日期:10.02.06 \r\n二次开店日: \r\n区经理:王峥 \r\n营运经理:王磊 \r\n业务形态1:24小时 \r\n业务形态2: \r\n业务形态3: \r\n品牌分类:肯德基 \r\n'),
('cdu118', '028-61998091/61998092', '仰国琴', '成都', 2, '羊西', 'CDU118', '仰国琴', '地址:成都市金牛区蜀汉路347号? \r\n邮编:610000 \r\n开店日期:10.02.12 \r\n二次开店日: \r\n区经理:赵唯维 \r\n营运经理:刘婉颖 \r\n业务形态1:24小时 \r\n业务形态2:宅急送 \r\n业务形态3: \r\n品牌分类:肯德基 \r\n'),
('cdu119', '028-61515408/61515458', '张建鹏', '成都', 2, '红牌楼', 'CDU119', '张建鹏', '地址:成都市武侯区佳灵路红牌楼广场肯德基 \r\n邮编:610000 \r\n开店日期:10.06.26 \r\n二次开店日: \r\n区经理:刘先波 \r\n营运经理:达小林 \r\n业务形态1:24小时 \r\n业务形态2:宅急送 \r\n业务形态3: \r\n品牌分类:肯德基 \r\n'),
('cdu122', '0851-83482218 / 83482028', '周艳', '贵阳', 2, '小河', 'CDU122', '周艳', '地址:贵阳市小河区黔江路29号北京华联一层 \r\n邮编:550001 \r\n开店日期:10.05.23 \r\n二次开店日: \r\n区经理:周娟 \r\n营运经理:刘鹏 \r\n业务形态1:24小时 \r\n业务形态2:宅急送 \r\n业务形态3: \r\n品牌分类:肯德基 \r\n'),
('cdu126', '028-61283011/61283012', '黄磊', '成都', 2, '府青', 'CDU126', '黄磊', '地址:成都市成华区府青路2号财富又一层一楼 \r\n邮编:610000 \r\n开店日期:10.11.06 \r\n二次开店日: \r\n区经理:杨晓秋 \r\n营运经理:达小林 \r\n业务形态1:24小时 \r\n业务形态2:宅急送 \r\n业务形态3: \r\n品牌分类:肯德基 \r\n'),
('cdu127', '028-65970077/65970078', '印玥', '成都', 2, '群光', 'CDU127', '印玥', '地址:四川省成都市锦江区春熙路南段8号负2F \r\n邮编:610000 \r\n开店日期:10.10.04 \r\n二次开店日: \r\n区经理:程艳 \r\n营运经理:王磊 \r\n业务形态1: \r\n业务形态2:宅急送 \r\n业务形态3: \r\n品牌分类:肯德基 \r\n'),
('cdu128', '028-82718056/82711632', '钟莉', '温江', 2, '文庙', 'CDU128', '钟莉', '地址:温江区东大街红艳超市一楼 \r\n邮编:610000 \r\n开店日期:10.11.24 \r\n二次开店日: \r\n区经理:王永峰 \r\n营运经理:王磊 \r\n业务形态1:24小时 \r\n业务形态2:宅急送 \r\n业务形态3: \r\n品牌分类:肯德基 \r\n'),
('cdu129', '0812-3306788/3306988', '何利', '攀枝花', 2, '金瓯', 'CDU129', '何利', '地址:攀枝花市炳草岗江南三路金瓯广场A区（原国家粮库） \r\n邮编:617000 \r\n开店日期:11.01.31 \r\n二次开店日: \r\n区经理:苏文颍 \r\n营运经理:高晖 \r\n业务形态1: \r\n业务形态2: \r\n业务形态3: \r\n品牌分类:肯德基 \r\n'),
('cdu130?', '0851-82266155 / 82266255', '刘杰', '贵阳', 2, '金阳', 'CDU130?', '刘杰', '地址:贵阳市金阳南路6号 \r\n邮编:550001 \r\n开店日期:10.10.30 \r\n二次开店日: \r\n区经理:李洪吉 \r\n营运经理:刘鹏 \r\n业务形态1:24小时 \r\n业务形态2:宅急送 \r\n业务形态3: \r\n品牌分类:肯德基 \r\n'),
('cdu131', '028-61363171/61363172', '刘云霞', '成都', 2, '茶店子', 'CDU131', '刘云霞', '地址:成都市金牛区一品天下大街339号西城公馆 \r\n邮编:610000 \r\n开店日期:10.12.30 \r\n二次开店日: \r\n区经理:赵唯维 \r\n营运经理:刘婉颖 \r\n业务形态1:24小时 \r\n业务形态2:宅急送 \r\n业务形态3: \r\n品牌分类:肯德基 \r\n'),
('cdu132', '028-67086390/67086391', '李云茂', '成都', 2, '华阳欧尚', 'CDU132', '李云茂', '地址:华阳欧尚超市 （成都市华阳迎宾大道与元华路交界处西南角） \r\n邮编:610000 \r\n开店日期:10.12.18 \r\n二次开店日: \r\n区经理:林莉 \r\n营运经理:高晖 \r\n业务形态1:24小时 \r\n业务形态2: \r\n业务形态3: \r\n品牌分类:肯德基 \r\n'),
('cdu133?', '0813-8122799/8122755', '段乔意', '自贡', 2, '汇东', 'CDU133?', '段乔意', '地址:自贡市汇东汇兴路中段沃尔玛旁 \r\n邮编:643000 \r\n开店日期:10.12.20 \r\n二次开店日: \r\n区经理:肖霞 \r\n营运经理:高晖 \r\n业务形态1: \r\n业务形态2: \r\n业务形态3: \r\n品牌分类:肯德基 \r\n'),
('cdu134?', '028-83686776/83686676', '唐祥昭', '成都', 2, '青白江', 'CDU134?', '唐祥昭', '地址:青白江区华金大道二段千盛百货一楼 \r\n邮编:610000 \r\n开店日期:11.4.11 \r\n二次开店日: \r\n区经理:赵唯维 \r\n营运经理:刘婉颖 \r\n业务形态1: \r\n业务形态2:宅急送 \r\n业务形态3: \r\n品牌分类:肯德基 \r\n'),
('cdu135', '028-83280583/83280383', '欧旭梅', '成都', 2, '火车东站', 'CDU135', '欧旭梅', '地址:成都市成华区沙河堡火车东站西站台 \r\n邮编:610000 \r\n开店日期:11.5.8 \r\n二次开店日: \r\n区经理:甘扬 \r\n营运经理:王磊 \r\n业务形态1:24小时 \r\n业务形态2: \r\n业务形态3: \r\n品牌分类:肯德基 \r\n'),
('cdu136', '0851-85636855 / 85636955', '夏欢', '贵阳', 2, '文昌阁', 'CDU136', '夏欢', '地址:贵阳市文昌南路亨特国际二期一层家乐福旁 \r\n邮编:550001 \r\n开店日期:11.01.31 \r\n二次开店日: \r\n区经理:李璇 \r\n营运经理:刘鹏 \r\n业务形态1: \r\n业务形态2:宅急送 \r\n业务形态3: \r\n品牌分类:肯德基 \r\n'),
('cdu138', '028-85217015/85217865', '张家莉/刘众', '成都', 2, '新天府汇城', 'CDU138', '张家莉/刘众', '地址:成都市武侯区科华中路9号王府井百货一楼 \r\n邮编:610000 \r\n开店日期:11.12.24 \r\n二次开店日: \r\n区经理:王峥 \r\n营运经理:王磊 \r\n业务形态1:24小时 \r\n业务形态2:宅急送 \r\n业务形态3: \r\n品牌分类:肯德基 \r\n'),
('cdu139', '028-85445607/85449270', '纪凤龙', '成都', 2, '磨子桥', 'CDU139', '纪凤龙', '地址:成都市一环路南二段1号附15号（美特斯邦威旁边） \r\n邮编:610000 \r\n开店日期:11.03.24 \r\n二次开店日: \r\n区经理:杨晓秋 \r\n营运经理:达小林 \r\n业务形态1:24小时 \r\n业务形态2:宅急送 \r\n业务形态3: \r\n品牌分类:肯德基 \r\n'),
('cdu140', '028-86667402/86669749', '刘秀峰', '成都', 2, '中山广场', 'CDU140', '刘秀峰', '地址:成都市春熙路中山广场 ? \r\n邮编:610000 \r\n开店日期:11.06.28 \r\n二次开店日: \r\n区经理:程艳 \r\n营运经理:王磊 \r\n业务形态1: \r\n业务形态2: \r\n业务形态3: \r\n品牌分类:肯德基 \r\n'),
('cdu141', '028-36020288/36020299', '游炎平', '眉山', 2, '环湖', 'CDU141', '游炎平', '地址:眉山市环湖路东一段大润发一层 \r\n邮编:610000 \r\n开店日期:11.06.27 \r\n二次开店日: \r\n区经理:冯之蕾 \r\n营运经理:王磊 \r\n业务形态1:24小时 \r\n业务形态2: \r\n业务形态3: \r\n品牌分类:肯德基 \r\n'),
('cdu144', '028-85858647/85858679', '廖纳', '成都', 2, '天府时代', 'CDU144', '廖纳', '地址:成都市高新区天府大道南段1399号家乐福一层 \r\n邮编:610000 \r\n开店日期:12.01.18 \r\n二次开店日: \r\n区经理:林莉 \r\n营运经理:高晖 \r\n业务形态1:24小时 \r\n业务形态2:宅急送 \r\n业务形态3: \r\n品牌分类:肯德基 \r\n'),
('cdu145', '028-85314885/85314883', '赵颖', '成都', 2, '新南天地', 'CDU145', '赵颖', '地址:高新区南部新区火车南站片区苏宁广场一层 \r\n邮编:610000 \r\n开店日期:11.09.30 \r\n二次开店日: \r\n区经理:王欢 \r\n营运经理:刘婉颖 \r\n业务形态1:24小时 \r\n业务形态2: \r\n业务形态3: \r\n品牌分类:肯德基 \r\n'),
('cdu146', '028-69281353/69281411', '陈智明', '成都', 2, '清江东路', 'CDU146', '陈智明', '地址:清江东路134号1-2层 \r\n邮编:610000 \r\n开店日期:13.06.10 \r\n二次开店日: \r\n区经理:赵唯维 \r\n营运经理:刘婉颖 \r\n业务形态1:24小时 \r\n业务形态2: \r\n业务形态3: \r\n品牌分类:肯德基 \r\n'),
('cdu147', '0851-84831887 / 84831987', '李姜', '贵阳', 2, '白云中路', 'CDU147', '李姜', '地址:白云区白云中路19号1-2层 \r\n邮编:550001 \r\n开店日期:11.09.28 \r\n二次开店日: \r\n区经理:李洪吉 \r\n营运经理:刘鹏 \r\n业务形态1:24小时 \r\n业务形态2:宅急送 \r\n业务形态3: \r\n品牌分类:肯德基 \r\n'),
('cdu148', '028-88747585/88747507', '赵胜男', '邛崃', 2, '五彩广场', 'CDU148', '赵胜男', '地址:政府街北侧海宁现代城一层 \r\n邮编:611500 \r\n开店日期:12.03.08 \r\n二次开店日:12.12.06 \r\n区经理:杨晓秋 \r\n营运经理:达小林 \r\n业务形态1: \r\n业务形态2: \r\n业务形态3: \r\n品牌分类:肯德基 \r\n'),
('cdu150', '0813-2112313/2109893', '周明新', '自贡', 2, '彩灯公园', 'CDU150', '周明新', '地址:自贡五星街22号一、二层 \r\n邮编:643010 \r\n开店日期:11.11.18 \r\n二次开店日: \r\n区经理:肖霞 \r\n营运经理:高晖 \r\n业务形态1: \r\n业务形态2:宅急送 \r\n业务形态3: \r\n品牌分类:肯德基 \r\n'),
('cdu152', '028-88338817', '何志', '大邑', 2, '大邑', 'CDU152', '何志', '地址:大邑县晋原镇桃园新区内蒙古大道1号 \r\n邮编:611300 \r\n开店日期:11.10.20 \r\n二次开店日: \r\n区经理:郑静 \r\n营运经理:高晖 \r\n业务形态1: \r\n业务形态2: \r\n业务形态3: \r\n品牌分类:肯德基 \r\n'),
('cdu153', '028-85207521', '蒋明欢', '成都', 2, '机场T2', 'CDU153', '蒋明欢', '地址:成都双流国际机场T2航站楼安检内FG指廊，170号登记口对面 \r\n邮编:610000 \r\n开店日期:12.07.28 \r\n二次开店日: \r\n区经理:王欢 \r\n营运经理:刘婉颖 \r\n业务形态1: \r\n业务形态2: \r\n业务形态3: \r\n品牌分类:肯德基 \r\n'),
('cdu155', '028-89350262/89350326', '夏天', '成都', 2, '新都和信', 'CDU155', '夏天', '地址:新都区马超东路266号和信新城市一楼 \r\n邮编:610000 \r\n开店日期:12.11.22 \r\n二次开店日: \r\n区经理:赵维唯 \r\n营运经理:刘婉颖 \r\n业务形态1: \r\n业务形态2:宅急送 \r\n业务形态3: \r\n品牌分类:肯德基 \r\n'),
('cdu157', '0813-6268068/6268069', '邱君', '自贡', 2, '荣县望景', 'CDU157', '邱君', '地址:自贡荣县望景路中段星河奥运绿洲15栋一、二层 \r\n邮编:643100 \r\n开店日期:11.11.24 \r\n二次开店日: \r\n区经理:肖霞 \r\n营运经理:高晖 \r\n业务形态1: \r\n业务形态2: \r\n业务形态3: \r\n品牌分类:肯德基 \r\n'),
('cdu159', '0838-7070731? 0838-7070732', '朱少立', '德阳', 2, '中江', 'CDU159', '朱少立', '地址:伍城南路与玄武路交汇处中江洋洋百货一层 \r\n邮编:618100 \r\n开店日期:12.01.19 \r\n二次开店日: \r\n区经理:胡春丽 \r\n营运经理:刘婉颖 \r\n业务形态1: \r\n业务形态2:宅急送 \r\n业务形态3: \r\n品牌分类:肯德基 \r\n'),
('cdu160', '0851-33597075 / 33597301', '王旭', '安顺', 2, '黄果树', 'CDU160', '王旭', '地址:西秀区龙泉路一、二层 \r\n邮编:561000 \r\n开店日期:13.04.29 \r\n二次开店日: \r\n区经理:周娟 \r\n营运经理:刘鹏 \r\n业务形态1: \r\n业务形态2: \r\n业务形态3: \r\n品牌分类:肯德基 \r\n'),
('cdu162', '028-87278806/87278106', '罗炎', '都江堰', 2, '都江明珠', 'CDU162', '罗炎', '地址:幸福大道与莲花南路交汇处东南角 \r\n邮编:611800 \r\n开店日期:12.01.18 \r\n二次开店日: \r\n区经理:宋佳励 \r\n营运经理:王磊 \r\n业务形态1: \r\n业务形态2: \r\n业务形态3: \r\n品牌分类:肯德基 \r\n'),
('cdu164', '028-36238995/36238996', '李梁', '眉山', 2, '仁寿', 'CDU164', '李梁', '地址:仁寿县阳光商业步行街盛华堂一二楼 \r\n邮编:620500 \r\n开店日期:12.01.19 \r\n二次开店日: \r\n区经理:冯之蕾 \r\n营运经理:王磊 \r\n业务形态1:24小时 \r\n业务形态2: \r\n业务形态3: \r\n品牌分类:肯德基 \r\n'),
('cdu165', '0816-6388119/6388110/18084885688', '洪晓兰', '绵阳', 2, '长虹国际', 'CDU165', '洪晓兰', '地址:绵阳市涪城区跃进路6号长虹国际城缤纷时代购物广场一楼 \r\n邮编:621000 \r\n开店日期:12.10.27 \r\n二次开店日: \r\n区经理:黄莹 \r\n营运经理:刘婉颖 \r\n业务形态1:24小时 \r\n业务形态2: \r\n业务形态3: \r\n品牌分类:肯德基 \r\n'),
('cdu167', '028-84372066/84372162', '王怡', '成都', 2, '万象城', 'CDU167', '王怡', '地址:成华区成都万象城B152号商铺 \r\n邮编:610000 \r\n开店日期: \r\n二次开店日: \r\n区经理:甘扬 \r\n营运经理:王磊 \r\n业务形态1: \r\n业务形态2:宅急送 \r\n业务形态3: \r\n品牌分类:肯德基 \r\n'),
('cdu168', '0851-22333535 / 22292520', '杜玲燕', '遵义', 2, '国酒路', 'CDU168', '杜玲燕', '地址:贵州省仁怀市中枢镇酒都新区国酒大道超一时代广场一楼北京华联旁 \r\n邮编:564500 \r\n开店日期:12.04.15 \r\n二次开店日: \r\n区经理:刘维萍 \r\n营运经理:刘鹏 \r\n业务形态1:24小时 \r\n业务形态2: \r\n业务形态3: \r\n品牌分类:肯德基 \r\n'),
('cdu169', '85319487/85319467', '莫坤', '成都', 2, '天府新谷', 'CDU169', '莫坤', '地址:府城大道399号六栋一层 \r\n邮编:610000 \r\n开店日期:12.04.02 \r\n二次开店日: \r\n区经理:王欢 \r\n营运经理:刘婉颖 \r\n业务形态1:24小时 \r\n业务形态2: \r\n业务形态3: \r\n品牌分类:肯德基 \r\n'),
('cdu170', '87441595/87441029', '况黎妮', '成都', 2, '莱蒙', 'CDU170', '况黎妮', '地址:武侯区红牌楼莱蒙都会4号楼一、二层 \r\n邮编:610000 \r\n开店日期:13.09.14 \r\n二次开店日: \r\n区经理:刘先波 \r\n营运经理:达小林 \r\n业务形态1: \r\n业务形态2:宅急送 \r\n业务形态3: \r\n品牌分类:肯德基 \r\n'),
('cdu172', '028-83872572/83872573', '阙成莉', '彭州', 2, '金彭', 'CDU172', '阙成莉', '地址:天彭镇东湖北路45号一层 \r\n邮编:610000 \r\n开店日期:12.07.26 \r\n二次开店日: \r\n区经理:宋佳励 \r\n营运经理:王磊 \r\n业务形态1: \r\n业务形态2: \r\n业务形态3: \r\n品牌分类:肯德基 \r\n'),
('cdu173', '0817-2711590/2711560', '唐苗', '南充', 2, '?南充滨江?', 'CDU173', '唐苗', '地址:顺庆区南门北街80号一层 \r\n邮编:637000 \r\n开店日期:12.5.13 \r\n二次开店日: \r\n区经理:曾强 \r\n营运经理:达小林 \r\n业务形态1:24小时 \r\n业务形态2:宅急送 \r\n业务形态3: \r\n品牌分类:肯德基 \r\n'),
('cdu174', '85361140/85362423', '杨娜娜', '成都', 2, '金花', 'CDU174', '杨娜娜', '地址:武侯区簇桥七里村6组金兴南路244号长安商务楼一层 \r\n邮编:610000 \r\n开店日期:12.11.02 \r\n二次开店日: \r\n区经理:刘先波 \r\n营运经理:达小林 \r\n业务形态1:24小时 \r\n业务形态2:宅急送 \r\n业务形态3: \r\n品牌分类:肯德基 \r\n'),
('cdu175', '0856—5224715/ 5227303', '闫伟', '铜仁', 2, '锦江餐厅', 'CDU175', '闫伟', '地址:贵州省铜仁市民主路步行街13号 \r\n邮编:554300 \r\n开店日期:12.06.11 \r\n二次开店日: \r\n区经理:李洪吉 \r\n营运经理:刘鹏 \r\n业务形态1: \r\n业务形态2: \r\n业务形态3: \r\n品牌分类:肯德基 \r\n'),
('cdu176', '', '', '成都', 2, '地一大道', 'CDU176', '', '地址:东御街负一层F区特一号 \r\n邮编:610000 \r\n开店日期: \r\n二次开店日: \r\n区经理: \r\n营运经理: \r\n业务形态1: \r\n业务形态2: \r\n业务形态3: \r\n品牌分类:肯德基 \r\n'),
('cdu177', '0851-83838959 / 83838931', '王琳', '贵阳', 2, '黄河路', 'CDU177', '王琳', '地址:贵州省贵阳市小河区黄河路42号海纳广场负二层 \r\n邮编:550009 \r\n开店日期:12.08.25 \r\n二次开店日: \r\n区经理:周娟 \r\n营运经理:刘鹏 \r\n业务形态1: \r\n业务形态2: \r\n业务形态3: \r\n品牌分类:肯德基 \r\n'),
('cdu178', '0817-6995811/6995822', '曾云勤', '南充', 2, '金鱼岭', 'CDU178', '曾云勤', '地址:南充市顺庆区北干道东侧龙呤路33号 \r\n邮编:637000 \r\n开店日期:12.06.16 \r\n二次开店日: \r\n区经理:曾强 \r\n营运经理:达小林 \r\n业务形态1:24小时 \r\n业务形态2:宅急送 \r\n业务形态3: \r\n品牌分类:肯德基 \r\n'),
('cdu179', '0834-3631989/3601988', '寸聪平', '西昌', 2, '月城广场', 'CDU179', '寸聪平', '地址:西昌市大巷口下街达达春天百货一、二楼 \r\n邮编:615000 \r\n开店日期:13.10.01 \r\n二次开店日: \r\n区经理:苏文颍 \r\n营运经理:高晖 \r\n业务形态1: \r\n业务形态2: \r\n业务形态3: \r\n品牌分类:肯德基 \r\n'),
('cdu180', '', '', '遵义', 2, '火车站广场', 'CDU180', '', '地址: \r\n邮编:563000 \r\n开店日期: \r\n二次开店日: \r\n区经理: \r\n营运经理:刘鹏 \r\n业务形态1: \r\n业务形态2: \r\n业务形态3: \r\n品牌分类:肯德基 \r\n'),
('cdu181', '0851-38104777 / 38104999', '杨永东', '安顺', 2, '武庙', 'CDU181', '杨永东', '地址:中华东路中环商业广场A栋1-2层 \r\n邮编:561000 \r\n开店日期:12.10.1 \r\n二次开店日: \r\n区经理:周娟 \r\n营运经理:刘鹏 \r\n业务形态1:24小时 \r\n业务形态2: \r\n业务形态3: \r\n品牌分类:肯德基 \r\n'),
('cdu183', '028-87950545/87950546/87950547', '罗敏', '郫县', 2, '郫县恒创', 'CDU183', '罗敏', '地址:郫筒镇东大街699号恒创.蜀都广场一、二层 \r\n邮编:610000 \r\n开店日期:12.08.24 \r\n二次开店日: \r\n区经理:王永峰 \r\n营运经理:王磊 \r\n业务形态1:24小时 \r\n业务形态2:宅急送 \r\n业务形态3: \r\n品牌分类:肯德基 \r\n'),
('cdu184', '', '', '成都', 2, '复城国际', 'CDU184', '', '地址:益州大道与天府二街交叉口复城国际商业项目T2商业裙楼一、二层 \r\n邮编:610000 \r\n开店日期: \r\n二次开店日: \r\n区经理: \r\n营运经理: \r\n业务形态1: \r\n业务形态2: \r\n业务形态3: \r\n品牌分类:肯德基 \r\n'),
('cdu185', '028-85133731/028-85135584', '贺小波', '成都', 2, '九方', 'CDU185', '贺小波', '地址:高新区府城大道中段88号九方购物中心负一层 \r\n邮编:610000 \r\n开店日期:12.09.20 \r\n二次开店日: \r\n区经理:林莉 \r\n营运经理:高晖 \r\n业务形态1: \r\n业务形态2: \r\n业务形态3: \r\n品牌分类:肯德基 \r\n'),
('cdu188', '028-85214617/85157164', '潘伊莎', '成都', 2, '奥克斯广场', 'CDU188', '潘伊莎', '地址:高新区锦城大道西段奥克斯广场西区一、二层 \r\n邮编:610000 \r\n开店日期:13.01.25 \r\n二次开店日: \r\n区经理:林莉 \r\n营运经理:高晖 \r\n业务形态1: \r\n业务形态2: \r\n业务形态3: \r\n品牌分类:肯德基 \r\n'),
('cdu189', '0816-3266992/3266995', '陈宇', '江油', 2, '新金轮', 'CDU189', '陈宇', '地址:江油市金轮干道12号一层 \r\n邮编:621000 \r\n开店日期:12.09.29 \r\n二次开店日: \r\n区经理:黄莹 \r\n营运经理:刘婉颖 \r\n业务形态1:24小时 \r\n业务形态2: \r\n业务形态3: \r\n品牌分类:肯德基 \r\n'),
('cdu190', '0816-2358778/2358776', '窦强', '绵阳', 2, '涪城万达', 'CDU190', '窦强', '地址:绵阳市涪城区金菊街万达广场2066号商铺 \r\n邮编:621000 \r\n开店日期:12.12.21 \r\n二次开店日: \r\n区经理:黄莹 \r\n营运经理:刘婉颖 \r\n业务形态1:24小时 \r\n业务形态2: \r\n业务形态3: \r\n品牌分类:肯德基 \r\n'),
('cdu191', '', '', '成都', 2, '金科天籁城', 'CDU191', '', '地址:龙潭寺街道办龙岗路、华泰路3号1.2层 \r\n邮编:610000 \r\n开店日期: \r\n二次开店日: \r\n区经理: \r\n营运经理: \r\n业务形态1: \r\n业务形态2: \r\n业务形态3: \r\n品牌分类:肯德基 \r\n'),
('cdu192', '028-83210196/83210806', '任婕', '成都', 2, '金牛万达', 'CDU192', '任婕', '地址:金牛区一环路北三段1号 \r\n邮编:610000 \r\n开店日期:12.12.22 \r\n二次开店日: \r\n区经理:杨忠学 \r\n营运经理:达小林 \r\n业务形态1: \r\n业务形态2: \r\n业务形态3: \r\n品牌分类:肯德基 \r\n'),
('cdu194', '0851-27913893 / 27913961', '韩梅', '遵义', 2, '星力城', 'CDU194', '韩梅', '地址:贵州省遵义市万里路万里湘江C栋星力城一层 \r\n邮编:563000 \r\n开店日期:13.02.06 \r\n二次开店日: \r\n区经理:刘维萍 \r\n营运经理:刘鹏 \r\n业务形态1:24小时 \r\n业务形态2: \r\n业务形态3: \r\n品牌分类:肯德基 \r\n'),
('cdu196', '0851-85973982 / 85977865', '欧阳锡平', '贵阳', 2, '花果园', 'CDU196', '欧阳锡平', '地址:南明区花果园大街1号花果园购物中心GF-08 \r\n邮编:550003 \r\n开店日期:14.04.29 \r\n二次开店日: \r\n区经理:周娟 \r\n营运经理:刘鹏 \r\n业务形态1: \r\n业务形态2: \r\n业务形态3: \r\n品牌分类:肯德基 \r\n'),
('cdu197', '028-88747531/88782891', '杨波', '邛崃', 2, '司马大道', 'CDU197', '杨波', '地址:邛崃市司马大道425号瑞云欣广场一层 \r\n邮编:611500 \r\n开店日期:14.5.29 \r\n二次开店日: \r\n区经理:杨晓秋 \r\n营运经理:达小林 \r\n业务形态1: \r\n业务形态2: \r\n业务形态3: \r\n品牌分类:肯德基 \r\n'),
('cdu198', '0851-85499012 / 85499011', '张黔黔', '贵阳', 2, '新龙洞堡机场', 'CDU198', '张黔黔', '地址:龙洞堡机场新航站楼商业区域 \r\n邮编:550001 \r\n开店日期:13.04.22 \r\n二次开店日: \r\n区经理:李洪吉 \r\n营运经理:刘鹏 \r\n业务形态1: \r\n业务形态2: \r\n业务形态3: \r\n品牌分类:肯德基 \r\n'),
('cdu200', '0833-5547599/0833-5547588', '梁勇', '峨眉山', 2, '名山路', 'CDU200', '梁勇', '地址:绥山镇金顶南路仙山大厦1层 \r\n邮编:614200 \r\n开店日期:13.04.17 \r\n二次开店日: \r\n区经理:冯之蕾 \r\n营运经理:王磊 \r\n业务形态1: \r\n业务形态2: \r\n业务形态3: \r\n品牌分类:肯德基 \r\n'),
('cdu201', '028-38803155/38803133', '张伶丽', '眉山', 2, '杭州路', 'CDU201', '张伶丽', '地址:眉山市东坡区三苏大道168号 \r\n邮编:620010 \r\n开店日期:13.08.08 \r\n二次开店日: \r\n区经理:冯之蕾 \r\n营运经理:王磊 \r\n业务形态1: \r\n业务形态2: \r\n业务形态3: \r\n品牌分类:肯德基 \r\n'),
('cdu202', '028-23066202/23066206', '李微', '资阳', 2, '资阳摩根时代', 'CDU202', '李微', '地址:资阳市雁江区建设南路二段 \r\n邮编:641300 \r\n开店日期:13.12.31 \r\n二次开店日: \r\n区经理:甘扬 \r\n营运经理:王磊 \r\n业务形态1: \r\n业务形态2: \r\n业务形态3: \r\n品牌分类:肯德基 \r\n'),
('cdu203', '0816-2369179', '魏燕', '绵阳', 2, '绵阳火车站', 'CDU203', '魏燕', '地址:四川省绵阳市火车站候车大厅一楼集散厅 \r\n邮编:621000 \r\n开店日期:13.08.06 \r\n二次开店日: \r\n区经理:胡春丽 \r\n营运经理:刘婉颖 \r\n业务形态1: \r\n业务形态2: \r\n业务形态3: \r\n品牌分类:肯德基 \r\n');
INSERT INTO `bs_admin` (`username`, `tel`, `name`, `dep_name`, `type`, `ct_name`, `dh_name`, `ct_boss`, `desc`) VALUES
('cdu204', '18188201319/18685007674', '金欧', '兴义', 2, '桔丰', 'CDU204', '金欧', '地址:贵州省黔西南布依族苗族自治州兴义市桔丰路侧兴义购物商城3号楼-1至1层 \r\n邮编:562400 \r\n开店日期:14.08.28 \r\n二次开店日: \r\n区经理:刘维萍 \r\n营运经理:刘鹏 \r\n业务形态1: \r\n业务形态2: \r\n业务形态3: \r\n品牌分类:肯德基 \r\n'),
('cdu205', '0838-5326557', '邓力铭', '广汉', 2, '福州路', 'CDU205', '邓力铭', '地址:四川省德阳广汉市福州路2段一号-1至1层 \r\n邮编:618000 \r\n开店日期:14.09.26 \r\n二次开店日: \r\n区经理:赵唯维 \r\n营运经理:刘婉颖 \r\n业务形态1: \r\n业务形态2: \r\n业务形态3: \r\n品牌分类:肯德基 \r\n'),
('cdu206', '0838-2306682/2306621', '武渭人', '德阳', 2, '凯旋国际', 'CDU206', '武渭人', '地址:德阳市岷江西路550号凯旋国际一楼 \r\n邮编:610000 \r\n开店日期:13.11.15 \r\n二次开店日: \r\n区经理:胡春丽 \r\n营运经理:刘婉颖 \r\n业务形态1: \r\n业务形态2: \r\n业务形态3: \r\n品牌分类:肯德基 \r\n'),
('cdu207', '0831-2203722/2203723', '杨刚', '宜宾', 2, '莱茵春天', 'CDU207', '杨刚', '地址:翠屏区南岸航天路中段D-5号地块 \r\n邮编:644000 \r\n开店日期:13.12.19 \r\n二次开店日: \r\n区经理:周明 \r\n营运经理:高晖 \r\n业务形态1: \r\n业务形态2: \r\n业务形态3: \r\n品牌分类:肯德基 \r\n'),
('cdu208', '028-85108569/85109135', '冉启林', '成都', 2, '新罗马假日', 'CDU208', '冉启林', '地址:武侯区高升桥东路2-6号 罗马假日广场C座 \r\n邮编:610041 \r\n开店日期:02.02.06 \r\n二次开店日:13.12.30 \r\n区经理:王峥 \r\n营运经理:王磊 \r\n业务形态1: \r\n业务形态2:宅急送 \r\n业务形态3: \r\n品牌分类:肯德基 \r\n'),
('cdu209', '0858-2149022', '张祝清', '六盘水', 2, '帝都新城店', 'CDU209', '张祝清', '地址:六盘水市钟山大道三段与钢城大道交汇处 \r\n邮编:553000 \r\n开店日期:14.01.14 \r\n二次开店日: \r\n区经理:李璇 \r\n营运经理:刘鹏 \r\n业务形态1: \r\n业务形态2: \r\n业务形态3: \r\n品牌分类:肯德基 \r\n'),
('cdu210', '028-67087511/67087617', '蒋真真', '双流', 2, '白衣上街', 'CDU210', '蒋真真', '地址:成都市双流县双楠大道白衣上街177号欧尚超市一楼肯德基餐厅 \r\n邮编:610000 \r\n开店日期:14.5.30 \r\n二次开店日: \r\n区经理:刘先波 \r\n营运经理:达小林 \r\n业务形态1: \r\n业务形态2: \r\n业务形态3: \r\n品牌分类:肯德基 \r\n'),
('cdu211', '', '', '兴义', 2, '盘江', 'CDU211', '', '地址:贵州省兴义市盘江东路国龙酒店1-2层 \r\n邮编: \r\n开店日期: \r\n二次开店日: \r\n区经理: \r\n营运经理: \r\n业务形态1: \r\n业务形态2: \r\n业务形态3: \r\n品牌分类:肯德基 \r\n'),
('cdu212', '028-87841395/87840975', '邹婷', '郫县', 2, '犀浦', 'CDU212', '邹婷', '地址:成都市郫县犀浦镇国宁东路69号百伦广场一、二层 \r\n邮编:610000 \r\n开店日期:14.12.27 \r\n二次开店日: \r\n区经理:王永峰 \r\n营运经理:王磊 \r\n业务形态1: \r\n业务形态2: \r\n业务形态3: \r\n品牌分类:肯德基 \r\n'),
('cdu213', '028-85332531/85332530', '刘小朵', '成都', 2, '世豪广场', 'CDU213', '刘小朵', '地址:成都市剑南大道中段988号世豪广场一层 \r\n邮编:610000 \r\n开店日期:14.05.30 \r\n二次开店日: \r\n区经理:林莉 \r\n营运经理:高晖 \r\n业务形态1:24小时 \r\n业务形态2: \r\n业务形态3: \r\n品牌分类:肯德基 \r\n'),
('cdu214', '0826-2130086/13983778655', '任骅', '广安', 2, '思源', 'CDU214', '任骅', '地址:四川省广安市广安区滨河路 \r\n邮编:618000 \r\n开店日期:14.09.06 \r\n二次开店日: \r\n区经理:曾强 \r\n营运经理:达小林 \r\n业务形态1: \r\n业务形态2: \r\n业务形态3: \r\n品牌分类:肯德基 \r\n'),
('cdu215', '0855-8227008/8227009', '邓仕发', '凯里', 2, '韶 山', 'CDU215', '邓仕发', '地址:韶山南路17号宫丽园项目1-2层 \r\n邮编:556000 \r\n开店日期:14.11.15 \r\n二次开店日: \r\n区经理:李洪吉 \r\n营运经理:刘鹏 \r\n业务形态1: \r\n业务形态2: \r\n业务形态3: \r\n品牌分类:肯德基 \r\n'),
('cdu216', '', '', '毕节', 2, '盘古中心', 'CDU216', '', '地址:钟山路1号盘古中心 \r\n邮编:551700 \r\n开店日期: \r\n二次开店日: \r\n区经理: \r\n营运经理: \r\n业务形态1: \r\n业务形态2: \r\n业务形态3: \r\n品牌分类:肯德基 \r\n'),
('cdu217', '0817-5599118', '周盈盈', '南充', 2, '红岩子', 'CDU217', '周盈盈', '地址:南充市南部县红岩子大道西延线与国道212线东南角处1层 \r\n邮编:637000 \r\n开店日期:14.12.24 \r\n二次开店日: \r\n区经理:曾强 \r\n营运经理:达小林 \r\n业务形态1: \r\n业务形态2: \r\n业务形态3: \r\n品牌分类:肯德基 \r\n'),
('cdu218', '', '', '绵阳', 2, '中元广场', 'CDU218', '', '地址:绵阳市高新区绵兴东路55号一层 \r\n邮编:621000 \r\n开店日期: \r\n二次开店日: \r\n区经理: \r\n营运经理: \r\n业务形态1: \r\n业务形态2: \r\n业务形态3: \r\n品牌分类:肯德基 \r\n'),
('cdu220', '028-84552530', '周永萍', '成都', 2, '新总府', 'CDU220', '周永萍', '地址:成都市锦江区商业场街2层 \r\n邮编:610016 \r\n开店日期: \r\n二次开店日: \r\n区经理:程艳 \r\n营运经理:王磊 \r\n业务形态1:24小时 \r\n业务形态2:宅急送 \r\n业务形态3: \r\n品牌分类:肯德基 \r\n'),
('cdu221', '0851-27237858', '梁顺', '遵义', 2, '乌江中路', 'CDU221', '梁顺', '地址:贵州省遵义市遵义县乌江中路与西大街交汇处 \r\n邮编:563000 \r\n开店日期:预计14.12.25 \r\n二次开店日: \r\n区经理:刘维萍 \r\n营运经理:刘鹏 \r\n业务形态1: \r\n业务形态2: \r\n业务形态3: \r\n品牌分类:肯德基 \r\n'),
('cdu225', '18981116057', '待定', '广元', 2, '广元万达', 'CDU225', '待定', '地址:广元市利州区万源新区万达广场一楼肯德基 \r\n邮编:628000 \r\n开店日期:15.06.05 \r\n二次开店日: \r\n区经理:黄莹 \r\n营运经理:刘婉颖 \r\n业务形态1: \r\n业务形态2: \r\n业务形态3: \r\n品牌分类:肯德基 \r\n'),
('cdu226', '18111861535', '乔攀攀', '贵阳', 2, '金阳北路', 'CDU226', '乔攀攀', '地址:观山湖区金朱路新世界项目G4区一层 \r\n邮编:550001 \r\n开店日期:预计15.04.29 \r\n二次开店日: \r\n区经理:李洪吉 \r\n营运经理:刘鹏 \r\n业务形态1: \r\n业务形态2: \r\n业务形态3: \r\n品牌分类:肯德基 \r\n'),
('cdu851', '028-84752005/84752007', '陈勇', '成都', 2, '蓝谷地DT', 'CDU851', '陈勇', '地址:成都市锦江区国槐路8号大观市政公园内 \r\n邮编:610000 \r\n开店日期:08.10.31 \r\n二次开店日: \r\n区经理:甘扬 \r\n营运经理:王磊 \r\n业务形态1:24小时 \r\n业务形态2:宅急送 \r\n业务形态3:汽车穿梭 \r\n品牌分类:肯德基 \r\n'),
('cdu853', '028-84340036/84340087', '张芙蓉', '成都', 2, '双林DT', 'CDU853', '张芙蓉', '地址:成都市双林路134号 \r\n邮编:610000 \r\n开店日期:10.01.25 \r\n二次开店日: \r\n区经理:甘扬 \r\n营运经理:王磊 \r\n业务形态1: \r\n业务形态2:宅急送 \r\n业务形态3:汽车穿梭 \r\n品牌分类:肯德基 \r\n'),
('cdu856', '028-82799751/52/53', '彭千驹', '温江', 2, '温江DT', 'CDU856', '彭千驹', '地址:成都市温江区光华大道与锦泉街交汇路口 \r\n邮编:610000 \r\n开店日期:10.11.20 \r\n二次开店日: \r\n区经理:王永峰 \r\n营运经理:王磊 \r\n业务形态1:24小时 \r\n业务形态2: \r\n业务形态3:汽车穿梭 \r\n品牌分类:肯德基 \r\n'),
('cdu858', '028-87117628/87117638', '王琴', '都江堰', 2, '幸福DT', 'CDU858', '王琴', '地址:都江堰市幸福镇都江堰大道211号 \r\n邮编:610000 \r\n开店日期:11.11.23 \r\n二次开店日: \r\n区经理:宋佳励 \r\n营运经理:王磊 \r\n业务形态1:24小时 \r\n业务形态2: \r\n业务形态3:汽车穿梭 \r\n品牌分类:肯德基 \r\n'),
('cdu859', '028-85314633/85314733', '詹方圆', '成都', 2, '软件园DT', 'CDU859', '詹方圆', '地址:天府大道天府软件园三期三号一、三层 \r\n邮编:610000 \r\n开店日期:11.12.31 \r\n二次开店日: \r\n区经理:林莉 \r\n营运经理:高晖 \r\n业务形态1:24小时 \r\n业务形态2: \r\n业务形态3:汽车穿梭 \r\n品牌分类:肯德基 \r\n'),
('cdu861', '', '', '乐山', 2, '龙游路DT', 'CDU861', '', '地址:乐山市中心城区龙游路北侧 \r\n邮编:610000 \r\n开店日期: \r\n二次开店日: \r\n区经理: \r\n营运经理: \r\n业务形态1: \r\n业务形态2: \r\n业务形态3:汽车穿梭 \r\n品牌分类:肯德基 \r\n'),
('cdu862', '', '', '新都', 2, '北欧知识城', 'CDU862', '', '地址:成都市新都区斑竹园镇中利路169号3G创意广场1楼 \r\n邮编:610000 \r\n开店日期: \r\n二次开店日: \r\n区经理: \r\n营运经理: \r\n业务形态1: \r\n业务形态2: \r\n业务形态3: \r\n品牌分类:肯德基 \r\n'),
('cdu_hr_c&b.china', '62736825', '杨银', '成都办公室-人力资源部', 1, '', '', '', '手机号: \r\n分机号:6825 \r\n传真:028-86202311*3450 \r\n品牌类型:肯德基 \r\n'),
('cdu_hr_staffing.china', '62736820', '汪红梅', '成都办公室-人力资源部', 1, '', '', '', '手机号: \r\n分机号:6820 \r\n传真:028-86202311*3450 \r\n品牌类型:肯德基 \r\n'),
('cdu_hr_staffing1.china', '62736821', '曹瑜', '成都办公室-人力资源部', 1, '', '', '', '手机号: \r\n分机号:6821 \r\n传真:028-86202311*3450 \r\n品牌类型:肯德基 \r\n'),
('chao.gao', '62736808', '高超', '成都办公室-资讯技术部', 1, '', '', '', '手机号:18108200618 \r\n分机号:6808 \r\n传真:028-86202311*2324 \r\n品牌类型:肯德基 \r\n'),
('chen.feng', '62736676', '冯辰', '成都办公室-营建设施部', 1, '', '', '', '手机号:13982266038? \r\n分机号:6676 \r\n传真:028-86202311*3426 \r\n品牌类型:肯德基 \r\n'),
('chengrace', '62736687', '陈郁', '成都办公室-必胜宅急送营运部', 1, '', '', '', '手机号: \r\n分机号:6687 \r\n传真:028-86202311*2287 \r\n品牌类型:必胜宅急送 \r\n'),
('chinacdu-hr-reception', '62736600', '汪兰', '成都办公室-人力资源部', 1, '', '', '', '手机号: \r\n分机号:6600 \r\n传真:028-86202311*3450 \r\n品牌类型:肯德基 \r\n'),
('chq010', '023-63730377/63730573', '吕敏', '重庆', 2, '民权', 'CHQ010', '吕敏', '地址:重庆渝中区民权路1号 \r\n邮编:400010 \r\n开店日期:98.02.12 \r\n二次开店日:12.05.28 \r\n区经理:陈先觉 \r\n营运经理:邹锦秀 \r\n业务形态1:24小时 \r\n业务形态2: \r\n业务形态3: \r\n品牌分类:肯德基 \r\n'),
('chq018', '023-67863571/67864719', '游泳', '重庆', 2, '金观音', 'CHQ018', '游泳', '地址:重庆市江北区建新西路2号特2金观音广场一楼 \r\n邮编:400020 \r\n开店日期:01.01.01 \r\n二次开店日: \r\n区经理:杨君 \r\n营运经理:邹锦秀 \r\n业务形态1:24小时 \r\n业务形态2: \r\n业务形态3: \r\n品牌分类:肯德基 \r\n'),
('chq045', '023-65401367/65401570', '刘冬红', '重庆', 2, '华宇', 'CHQ045', '刘冬红', '地址:重庆市沙坪坝区小龙坎新街29号 \r\n邮编:400000 \r\n开店日期:04.06.21 \r\n二次开店日: \r\n区经理:何宏 \r\n营运经理:徐波 \r\n业务形态1:24小时 \r\n业务形态2: \r\n业务形态3: \r\n品牌分类:肯德基 \r\n'),
('chq046', '023-72255192/72255193', '李隆剑', '涪陵', 2, '易家坝', 'CHQ046', '李隆剑', '地址:重庆市涪陵区广场路19号城市广场（博宇大厦）1F&2F \r\n邮编:400000 \r\n开店日期:04.09.17 \r\n二次开店日: \r\n区经理:何宏 \r\n营运经理:徐波 \r\n业务形态1:24小时 \r\n业务形态2: \r\n业务形态3: \r\n品牌分类:肯德基 \r\n'),
('chq049', '023-63621692/63630295', '王洪', '重庆', 2, '大礼堂', 'CHQ049', '王洪', '地址:重庆市渝中区人民路135-175号 \r\n邮编:400000 \r\n开店日期:05.01.28 \r\n二次开店日:13.09.29 \r\n区经理:陈先觉 \r\n营运经理:邹锦秀 \r\n业务形态1: \r\n业务形态2: \r\n业务形态3: \r\n品牌分类:肯德基 \r\n'),
('chq052', '023-68052850/68052672', '罗佳', '重庆', 2, '斌鑫', 'CHQ052', '罗佳', '地址:重庆市杨家坪商业步行街斌鑫世纪城F101-F201 \r\n邮编:400000 \r\n开店日期:05.07.30 \r\n二次开店日: \r\n区经理:秦佳星 \r\n营运经理:徐波 \r\n业务形态1:24小时 \r\n业务形态2: \r\n业务形态3: \r\n品牌分类:肯德基 \r\n'),
('chq053', '023-68789848/68789849', '张俊', '重庆', 2, '九龙广场', 'CHQ053', '张俊', '地址:重庆市九龙坡区九龙广场九龙坡购物广场一楼 \r\n邮编:400000 \r\n开店日期:05.09.30 \r\n二次开店日: \r\n区经理:秦佳星 \r\n营运经理:徐波 \r\n业务形态1: \r\n业务形态2: \r\n业务形态3: \r\n品牌分类:肯德基 \r\n'),
('chq056', '023-65309725/65309795', '杜佳丽', '重庆', 2, '三角碑', 'CHQ056', '杜佳丽', '地址:重庆市沙坪坝区小龙坎新街49号王府井百货1、2层 \r\n邮编:400000 \r\n开店日期:05.12.30 \r\n二次开店日: \r\n区经理:何宏 \r\n营运经理:徐波 \r\n业务形态1:24小时 \r\n业务形态2: \r\n业务形态3: \r\n品牌分类:肯德基 \r\n'),
('chq057', '023-62604886/62602199', '龚邦渝', '重庆', 2, '元旦', 'CHQ057', '龚邦渝', '地址:重庆市南岸区南坪惠工路13号元旦百货 \r\n邮编:400000 \r\n开店日期:05.12.30 \r\n二次开店日:14.3.27 \r\n区经理:李飞 \r\n营运经理:邹锦秀 \r\n业务形态1:24小时 \r\n业务形态2: \r\n业务形态3: \r\n品牌分类:肯德基 \r\n'),
('chq059', '023-68282131/68282132', '赵峻', '北碚', 2, '缙麓', 'CHQ059', '赵峻', '地址:重庆市北碚区天生新村63号缙麓商都A栋1-2层 \r\n邮编:400000 \r\n开店日期:06.01.20 \r\n二次开店日: \r\n区经理:杨君 \r\n营运经理:邹锦秀 \r\n业务形态1:24小时 \r\n业务形态2: \r\n业务形态3: \r\n品牌分类:肯德基 \r\n'),
('chq071', '023-68156160/68156162', '周雷鸣', '大渡口', 2, '国瑞', 'CHQ071', '周雷鸣', '地址:重庆市大渡口松青路1029号国瑞城一层 \r\n邮编:400000 \r\n开店日期:07.08.04 \r\n二次开店日:13.11.22 \r\n区经理:舒维风 \r\n营运经理:邹锦秀 \r\n业务形态1:24小时 \r\n业务形态2: \r\n业务形态3: \r\n品牌分类:肯德基 \r\n'),
('chq082', '023-68126080/68126081', '费晓轶', '重庆', 2, '西城天街', 'CHQ082', '费晓轶', '地址:重庆市九龙坡区杨家坪珠江路48号西城天街购物广场LG13-2 \r\n邮编:400000 \r\n开店日期:08.03.28 \r\n二次开店日: \r\n区经理:秦佳星 \r\n营运经理:徐波 \r\n业务形态1: \r\n业务形态2:宅急送 \r\n业务形态3: \r\n品牌分类:肯德基 \r\n'),
('chq086', '023-67743575/67743685', '张夏', '重庆', 2, '观音桥', 'CHQ086', '张夏', '地址:重庆市江北区渝北二村一支路6号新世界百货一楼 \r\n邮编:400000 \r\n开店日期:08.07.04 \r\n二次开店日: \r\n区经理:杨君 \r\n营运经理:邹锦秀 \r\n业务形态1:24小时 \r\n业务形态2: \r\n业务形态3: \r\n品牌分类:肯德基 \r\n'),
('chq090', '023-65481382/65481662', '陈磊', '重庆', 2, '易诚', 'CHQ090', '陈磊', '地址:重庆市沙坪坝区凤天路29号（西南医院对面） \r\n邮编:400000 \r\n开店日期:10.04.03 \r\n二次开店日: \r\n区经理:何宏 \r\n营运经理:徐波 \r\n业务形态1: \r\n业务形态2: \r\n业务形态3: \r\n品牌分类:肯德基 \r\n'),
('chq097', '023-67873026/67873020', '韩刚', '重庆', 2, '东和', 'CHQ097', '韩刚', '地址:重庆市江北区观音桥北城天街上段33号，东和城B2栋二层 \r\n邮编:400020 \r\n开店日期:09.12.28 \r\n二次开店日: \r\n区经理:杨君 \r\n营运经理:邹锦秀 \r\n业务形态1: \r\n业务形态2: \r\n业务形态3: \r\n品牌分类:肯德基 \r\n'),
('chq108', '023-63805173/6805172', '待定', '重庆', 2, '地王', 'CHQ108', '待定', '地址:重庆市渝中区民族路166号地王广场2F \r\n邮编:400000 \r\n开店日期:09.08.26 \r\n二次开店日: \r\n区经理:陈先觉 \r\n营运经理:邹锦秀 \r\n业务形态1: \r\n业务形态2: \r\n业务形态3: \r\n品牌分类:肯德基 \r\n'),
('chq112', '023-68089729/68089730', '黎敏', '重庆', 2, '袁家岗', 'CHQ112', '黎敏', '地址:重庆市高新区袁家岗奥体路1号 \r\n邮编:400000 \r\n开店日期:09.11.24 \r\n二次开店日: \r\n区经理:舒维风 \r\n营运经理:邹锦秀 \r\n业务形态1: \r\n业务形态2: \r\n业务形态3: \r\n品牌分类:肯德基 \r\n'),
('chq114', '023-62622593/62622597', '陈霄雄', '重庆', 2, '万达广场', 'CHQ114', '陈霄雄', '地址:重庆市南岸区南坪万达商业广场一层 \r\n邮编:400000 \r\n开店日期:09.12.11 \r\n二次开店日: \r\n区经理:李飞 \r\n营运经理:邹锦秀 \r\n业务形态1: \r\n业务形态2: \r\n业务形态3: \r\n品牌分类:肯德基 \r\n'),
('chq115', '023-62626396/62626397', '陈正敏', '重庆', 2, '上海城', 'CHQ115', '陈正敏', '地址:重庆市南岸区南坪西路上海城一层 \r\n邮编:400060 \r\n开店日期:10.01.01 \r\n二次开店日: \r\n区经理:李飞 \r\n营运经理:邹锦秀 \r\n业务形态1:24小时 \r\n业务形态2:宅急送 \r\n业务形态3: \r\n品牌分类:肯德基 \r\n'),
('chq120', '023-58141166/58141266', '罗茜', '重庆', 2, '万州', 'CHQ120', '罗茜', '地址:重庆市万州区太白路99号三峡福斯德广场地下一层 \r\n邮编:404000 \r\n开店日期:10.02.12 \r\n二次开店日: \r\n区经理:李飞 \r\n营运经理:邹锦秀 \r\n业务形态1: \r\n业务形态2: \r\n业务形态3: \r\n品牌分类:肯德基 \r\n'),
('chq121', '023-68790377/68790677', '刘燕', '重庆', 2, '石桥铺', 'CHQ121', '刘燕', '地址:重庆市石桥铺科园一路大西洋国际大厦二楼 \r\n邮编:400000 \r\n开店日期:10.04.24 \r\n二次开店日: \r\n区经理:舒维风 \r\n营运经理:邹锦秀 \r\n业务形态1: \r\n业务形态2: \r\n业务形态3: \r\n品牌分类:肯德基 \r\n'),
('chq124', '023-88869205/88869207', '袁琳', '重庆', 2, '机场', 'CHQ124', '袁琳', '地址:重庆机场新航站楼一楼到达厅南侧 \r\n邮编:400000 \r\n开店日期:10.12.23 \r\n二次开店日: \r\n区经理:陈先觉 \r\n营运经理:邹锦秀 \r\n业务形态1: \r\n业务形态2: \r\n业务形态3: \r\n品牌分类:肯德基 \r\n'),
('chq137', '023-85377987/85377989', '王宇佳', '重庆', 2, '永川', 'CHQ137', '王宇佳', '地址:重庆市永川区渝西大道沃尔玛旁 \r\n邮编:402160 \r\n开店日期:11.01.29 \r\n二次开店日: \r\n区经理:钟琴国 \r\n营运经理:徐波 \r\n业务形态1:24小时 \r\n业务形态2: \r\n业务形态3: \r\n品牌分类:肯德基 \r\n'),
('chq143', '023-88196699/88197359', '石娇', '重庆', 2, '龙头寺汽车站', 'CHQ143', '石娇', '地址:北部新区泰山大道中段 \r\n邮编:400000 \r\n开店日期:11.08.30 \r\n二次开店日: \r\n区经理:钟琴国 \r\n营运经理:徐波 \r\n业务形态1: \r\n业务形态2: \r\n业务形态3: \r\n品牌分类:肯德基 \r\n'),
('chq151', '023-63634165/63890183', '杨锐', '重庆', 2, '得意世界', 'CHQ151', '杨锐', '地址:渝中区较场口87号B区一楼1号一层 \r\n邮编:400000 \r\n开店日期:11.10.18 \r\n二次开店日: \r\n区经理:陈先觉 \r\n营运经理:邹锦秀 \r\n业务形态1:24小时 \r\n业务形态2: \r\n业务形态3: \r\n品牌分类:肯德基 \r\n'),
('chq154', '023-68263488/68263499', '黄悍', '重庆', 2, '雄风', 'CHQ154', '黄悍', '地址:北碚区嘉陵风情街33号1-1号一层 \r\n邮编:400000 \r\n开店日期:12.01.01 \r\n二次开店日: \r\n区经理:杨君 \r\n营运经理:邹锦秀 \r\n业务形态1:24小时 \r\n业务形态2: \r\n业务形态3: \r\n品牌分类:肯德基 \r\n'),
('chq156', '023-79239661/79239662', '王丹', '重庆', 2, '黔江', 'CHQ156', '王丹', '地址:解放路大十字购物广场一、二层 \r\n邮编:400000 \r\n开店日期:11.12.31 \r\n二次开店日: \r\n区经理:舒维风 \r\n营运经理:邹锦秀 \r\n业务形态1:24小时 \r\n业务形态2: \r\n业务形态3: \r\n品牌分类:肯德基 \r\n'),
('chq161', '023-63715680/63718106', '张宏伟', '重庆', 2, '较场口', 'CHQ161', '张宏伟', '地址:渝中区民权路89号、89号附1号日月光中心B1层 \r\n邮编:400000 \r\n开店日期:12.05.03 \r\n二次开店日: \r\n区经理:陈先觉 \r\n营运经理:邹锦秀 \r\n业务形态1: \r\n业务形态2: \r\n业务形态3: \r\n品牌分类:肯德基 \r\n'),
('chq163', '023-67013855/67012837', '张雪玲', '重庆', 2, '北城天街', 'CHQ163', '张雪玲', '地址:重庆市江北区洋河路6、8号北城天街4号3层 \r\n邮编:400000 \r\n开店日期:12.01.15 \r\n二次开店日: \r\n区经理:何宏 \r\n营运经理:徐波 \r\n业务形态1: \r\n业务形态2: \r\n业务形态3: \r\n品牌分类:肯德基 \r\n'),
('chq166', '023-62586046/62586084', '熊陈诚', '重庆', 2, '李家沱', 'CHQ166', '熊陈诚', '地址:巴南区李家沱林荫村18号1-1都和广场一、二层 \r\n邮编:400000 \r\n开店日期:12.04.08 \r\n二次开店日: \r\n区经理:秦佳星 \r\n营运经理:徐波 \r\n业务形态1: \r\n业务形态2: \r\n业务形态3: \r\n品牌分类:肯德基 \r\n'),
('chq171', '023-67305118/67397661', '罗颖', '重庆', 2, '星湖路', 'CHQ171', '罗颖', '地址:北部新区高新园星湖路3号劲力五星城二期负一层 \r\n邮编:400010 \r\n开店日期:12.04.17 \r\n二次开店日: \r\n区经理:钟琴国 \r\n营运经理:徐波 \r\n业务形态1: \r\n业务形态2: \r\n业务形态3: \r\n品牌分类:肯德基 \r\n'),
('chq182', '023-66293283/66293273', '谢文来', '重庆', 2, '鱼洞', 'CHQ182', '谢文来', '地址:重庆巴南区鱼洞新市街80号商社汇1-2层 \r\n邮编:400010 \r\n开店日期:13.11.08 \r\n二次开店日: \r\n区经理:秦佳星 \r\n营运经理:徐波 \r\n业务形态1: \r\n业务形态2: \r\n业务形态3: \r\n品牌分类:肯德基 \r\n'),
('chq186', '023-48690286/48690226', '黄林', '重庆', 2, '綦江', 'CHQ186', '黄林', '地址:九龙大道47号凯旋名城裙楼一、二层 \r\n邮编:400010 \r\n开店日期:13.01.06 \r\n二次开店日: \r\n区经理:杨君 \r\n营运经理:邹锦秀 \r\n业务形态1: \r\n业务形态2: \r\n业务形态3: \r\n品牌分类:肯德基 \r\n'),
('chq193', '023-68009132/68009131', '沈鑫', '重庆', 2, '金开大道', 'CHQ193', '沈鑫', '地址:重庆市渝北区金开大道 \r\n邮编:400000 \r\n开店日期:13.02.27 \r\n二次开店日: \r\n区经理:钟琴国 \r\n营运经理:徐波 \r\n业务形态1: \r\n业务形态2: \r\n业务形态3: \r\n品牌分类:肯德基 \r\n'),
('chq195', '023-63003629/63001172', '陈玲', '重庆', 2, '时代天街', 'CHQ195', '陈玲', '地址:重庆市渝中区石油路大坪正街174号 \r\n邮编:400000 \r\n开店日期:13.02.13 \r\n二次开店日: \r\n区经理:舒维风 \r\n营运经理:邹锦秀 \r\n业务形态1: \r\n业务形态2: \r\n业务形态3: \r\n品牌分类:肯德基 \r\n'),
('chq199', '023-40881348/40881349', '郭晓舟', '重庆', 2, '长寿桃花新城', 'CHQ199', '郭晓舟', '地址:重庆市长寿区桃园东路4号1幢1-85A，2-54号一、二层 \r\n邮编:400000 \r\n开店日期:14.10.11 \r\n二次开店日: \r\n区经理:李飞 \r\n营运经理:邹锦秀 \r\n业务形态1: \r\n业务形态2: \r\n业务形态3: \r\n品牌分类:肯德基 \r\n'),
('chq200', '023-58999112/58999113', '陈文', '重庆', 2, '万州万达', 'CHQ200', '陈文', '地址:重庆市万州区北滨路滨水区四方井万达广场 \r\n邮编:404000 \r\n开店日期:13.7.08 \r\n二次开店日: \r\n区经理:李飞 \r\n营运经理:邹锦秀 \r\n业务形态1: \r\n业务形态2: \r\n业务形态3: \r\n品牌分类:肯德基 \r\n'),
('chq201', '023-42876990', '江飞', '重庆', 2, '合川海润', 'CHQ201', '江飞', '地址:重庆市合川区交通街东侧（原体育场）大润发超市一层 \r\n邮编:400000 \r\n开店日期:13.06.28 \r\n二次开店日: \r\n区经理:舒维风 \r\n营运经理:邹锦秀 \r\n业务形态1: \r\n业务形态2: \r\n业务形态3: \r\n品牌分类:肯德基 \r\n'),
('chq202', '023-67523721', '汤江', '重庆', 2, '茂业', 'CHQ202', '汤江', '地址:重庆市江北区建新北路16号G-1层 \r\n邮编:400000 \r\n开店日期:14.7.30 \r\n二次开店日: \r\n区经理:何宏 \r\n营运经理:徐波 \r\n业务形态1: \r\n业务形态2: \r\n业务形态3: \r\n品牌分类:肯德基 \r\n'),
('chq203', '023-43730833/43730834', '冯伟', '重庆', 2, '大足印象', 'CHQ203', '冯伟', '地址:重庆市大足区龙岗办事处龙中路89号一层、二层 \r\n邮编:400000 \r\n开店日期:14.12.27 \r\n二次开店日: \r\n区经理:钟琴国 \r\n营运经理:徐波 \r\n业务形态1: \r\n业务形态2: \r\n业务形态3: \r\n品牌分类:肯德基 \r\n'),
('chq204', '023-68428500/68428502', '杨欢', '重庆', 2, '万象城', 'CHQ204', '杨欢', '地址:重庆九龙坡区谢家湾正街55号华润中心万象城A座LG层和L1层 \r\n邮编:400000 \r\n开店日期:14.12.31 \r\n二次开店日: \r\n区经理:秦佳星 \r\n营运经理:徐波 \r\n业务形态1: \r\n业务形态2: \r\n业务形态3: \r\n品牌分类:肯德基 \r\n'),
('chq860', '023-62777251/62777522', '朱开华代', '重庆', 2, '渝能DT', 'CHQ860', '朱开华代', '地址:南岸区学府大道51号“渝能国际” \r\n邮编:400010 \r\n开店日期:13.05.31 \r\n二次开店日: \r\n区经理:杨君 \r\n营运经理:邹锦秀 \r\n业务形态1: \r\n业务形态2: \r\n业务形态3: \r\n品牌分类:肯德基 \r\n'),
('chun.zhao', '63179918', '赵春', '昆明办公室-肯德基营运部', 1, '', '', '', '手机号:18687755595 \r\n分机号:205 \r\n传真:0871-63171708 \r\n品牌类型:肯德基 \r\n'),
('chunli.hu', '', '胡春丽', '成都办公室-肯德基营运部', 1, '', '', '', '手机号:18983629598 \r\n分机号: \r\n传真: \r\n品牌类型:肯德基 \r\n'),
('coco.tao', '62736697', '陶勋', '成都办公室-必胜客营运部', 1, '', '', '', '手机号: \r\n分机号:6697 \r\n传真:028-86202311*2287 \r\n品牌类型:必胜客 \r\n'),
('crista.zhu', '62736852', '朱慧', '成都办公室-人力资源部', 1, '', '', '', '手机号: \r\n分机号:6852 \r\n传真:028-86202311*3450 \r\n品牌类型:肯德基 \r\n'),
('cynthia.wang', '62736585', '王蕾', '成都办公室-开发部', 1, '', '', '', '手机号:18628187855 \r\n分机号:6585 \r\n传真:028-86202311*3491 \r\n品牌类型:肯德基 \r\n'),
('dahai.chang', '62736803', '常大海', '成都办公室-资讯技术部', 1, '', '', '', '手机号: \r\n分机号:6803 \r\n传真:028-86202311*2329 \r\n品牌类型:肯德基 \r\n'),
('dexin.gong', '62736643', '龚德新', '成都办公室-营建设施部', 1, '', '', '', '手机号:13398169597 \r\n分机号:6643 \r\n传真:028-86202311*3426 \r\n品牌类型:肯德基 \r\n'),
('dong.liu', '62736896', '刘东', '成都办公室-财务部', 1, '', '', '', '手机号:13709017759 \r\n分机号:6896 \r\n传真:028-86202311*2242 \r\n品牌类型:肯德基 \r\n'),
('dou.baoxiang', '63179918', '窦报祥', '昆明办公室-营建设施部', 1, '', '', '', '手机号:13987181693 \r\n分机号:208 \r\n传真:0871-63171708 \r\n品牌类型:肯德基 \r\n'),
('dxc001', '0851-85809726 / 85809716', '韩刚', '贵阳', 2, '大南门', 'DXC001', '韩刚', '地址:贵阳市南明区富水南路2号 \r\n邮编:550001 \r\n开店日期:06.04.08 \r\n二次开店日: \r\n区经理:李璇 \r\n营运经理:刘鹏 \r\n业务形态1: \r\n业务形态2: \r\n业务形态3: \r\n品牌分类:肯德基 \r\n'),
('echo.chen', '62736822', '陈洁丽', '成都办公室-人力资源部', 1, '', '', '', '手机号: \r\n分机号:6822 \r\n传真:028-86202311*3450 \r\n品牌类型:肯德基 \r\n'),
('echo.fu', '62736856', '付晴', '成都办公室-人力资源部', 1, '', '', '', '手机号: \r\n分机号:6856 \r\n传真:028-86202311*3450 \r\n品牌类型:肯德基 \r\n'),
('emily.luo', '62736872', '罗洁', '成都办公室-财务部', 1, '', '', '', '手机号: \r\n分机号:6872 \r\n传真:028-86202311*2242 \r\n品牌类型:肯德基 \r\n'),
('emma.yuan', '62736827', '袁媛', '成都办公室-人力资源部', 1, '', '', '', '手机号: \r\n分机号:6827 \r\n传真:028-86202311*3450 \r\n品牌类型:肯德基 \r\n'),
('eric.huang', '62736660', '黄刚', '成都办公室-营建设施部', 1, '', '', '', '手机号:13982120777 \r\n分机号:6660 \r\n传真:028-86202311*3426 \r\n品牌类型:肯德基 \r\n'),
('eva.yan', '63724061', '晏朗', '重庆办公室-公共事务部', 1, '', '', '', '手机号:18696591522 \r\n分机号:222 \r\n传真:023-63030440 \r\n品牌类型:肯德基 \r\n'),
('fang.qian', '63179918', '钱芳', '昆明办公室-肯德基营运部', 1, '', '', '', '手机号:18587193336 \r\n分机号:205 \r\n传真:0871-63171708 \r\n品牌类型:肯德基 \r\n'),
('fang.wen', '62736886', '文芳', '成都办公室-财务部', 1, '', '', '', '手机号: \r\n分机号:6886 \r\n传真:028-86202311*2242 \r\n品牌类型:肯德基 \r\n'),
('fansa.zhang', '62736829', '张方超', '成都办公室-人力资源部', 1, '', '', '', '手机号: \r\n分机号:6829 \r\n传真:028-86202311*3450 \r\n品牌类型:肯德基 \r\n'),
('fanxiaoyan', '62736578', '范晓艳', '成都办公室-开发部', 1, '', '', '', '手机号: \r\n分机号:6578 \r\n传真:028-86202311*3491 \r\n品牌类型:肯德基 \r\n'),
('fei.li', '63724061', '李飞', '重庆办公室-肯德基营运部', 1, '', '', '', '手机号: \r\n分机号: \r\n传真:023-63030440 \r\n品牌类型:肯德基 \r\n'),
('fei.wu', '0851-85289928', '吴菲', '贵阳办公室-人力资源部', 1, '', '', '', '手机号:17708007417 \r\n分机号:211 \r\n传真: \r\n品牌类型:肯德基 \r\n'),
('flora.zhang', '', '张媛媛', '成都办公室-必胜客营运部', 1, '', '', '', '手机号:18628088495 \r\n分机号: \r\n传真:028-86202311*2287 \r\n品牌类型:必胜客 \r\n'),
('fsc001', '0833-2116198/2116918', '苏兵', '乐山', 2, '金杯', 'FSC001', '苏兵', '地址:乐山市嘉定南路金杯银座一、二层 \r\n邮编:614000 \r\n开店日期:06.05.31 \r\n二次开店日: \r\n区经理:冯之蕾 \r\n营运经理:王磊 \r\n业务形态1: \r\n业务形态2: \r\n业务形态3: \r\n品牌分类:肯德基 \r\n'),
('fuping.liu', '62736673', '刘富平', '成都办公室-营建设施部', 1, '', '', '', '手机号:13980909331 \r\n分机号:6673 \r\n传真:028-86202311*3426 \r\n品牌类型:肯德基 \r\n'),
('gang-cdu.sun', '0851-85289928', '孙纲', '贵阳办公室-开发部', 1, '', '', '', '手机号:18685025377 \r\n分机号:270 \r\n传真: \r\n品牌类型:肯德基 \r\n'),
('gang.lei', '62736588', '雷刚', '成都办公室-开发部', 1, '', '', '', '手机号:15902811111 \r\n分机号:6588 \r\n传真:028-86202311*3491 \r\n品牌类型:肯德基 \r\n'),
('gaohang.xu', '62736737', '徐高航', '成都办公室-品管部', 1, '', '', '', '手机号:18608028436 \r\n分机号:6737 \r\n传真:028-86202311*3542 \r\n品牌类型:肯德基 \r\n'),
('gefei.lin', '62736663', '林格非', '成都办公室-营建设施部', 1, '', '', '', '手机号:13880791110 \r\n分机号:6663 \r\n传真:028-86202311*3426 \r\n品牌类型:肯德基 \r\n'),
('guan.gong', '62736587', '龚关', '成都办公室-开发部', 1, '', '', '', '手机号:18981889796 \r\n分机号:6587 \r\n传真:028-86202311*3491 \r\n品牌类型:肯德基 \r\n'),
('guang.xu', '62736670', '徐广', '成都办公室-营建设施部', 1, '', '', '', '手机号:15828350473 \r\n分机号:6670 \r\n传真:028-86202311*3426 \r\n品牌类型:肯德基 \r\n'),
('guanglin.liu', '62736889', '刘光林', '成都办公室-财务部', 1, '', '', '', '手机号: \r\n分机号:6889 \r\n传真:028-86202311*2242 \r\n品牌类型:肯德基 \r\n'),
('guo.jin', '62736669', '金国', '成都办公室-营建设施部', 1, '', '', '', '手机号:13688001830 \r\n分机号:6669 \r\n传真:028-86202311*3426 \r\n品牌类型:肯德基 \r\n'),
('guoyi.chen', '62736650', '陈国轶', '成都办公室-营建设施部', 1, '', '', '', '手机号:13730666135 \r\n分机号:6650 \r\n传真:028-86202311*3426 \r\n品牌类型:肯德基 \r\n'),
('hacky.huang', '62736807', '黄荣涛', '成都办公室-资讯技术部', 1, '', '', '', '手机号:18180515233 \r\n分机号:6807 \r\n传真:028-86202311*2325 \r\n品牌类型:肯德基 \r\n'),
('hanhui.meng', '63179918', '孟翰晖', '昆明办公室-营建设施部', 1, '', '', '', '手机号:13013311330 \r\n分机号:213 \r\n传真:0871-63171708 \r\n品牌类型:肯德基 \r\n'),
('hawk.chen', '', '陈甜', '贵阳办公室-公共事务部', 1, '', '', '', '手机号:13985549204 \r\n分机号:261 \r\n传真: \r\n品牌类型:肯德基 \r\n'),
('he-cdu.huang', '62736871', '黄鹤', '成都办公室-财务部', 1, '', '', '', '手机号: \r\n分机号:6871 \r\n传真:028-86202311*2242 \r\n品牌类型:肯德基 \r\n'),
('he.huang', '63724061', '黄何', '重庆办公室-营建设施部', 1, '', '', '', '手机号:13708383043 \r\n分机号:228 \r\n传真:023-63030440 \r\n品牌类型:肯德基 \r\n'),
('helu', '62736578', '何露', '成都办公室-开发部', 1, '', '', '', '手机号: \r\n分机号:6578 \r\n传真:028-86202311*3491 \r\n品牌类型:肯德基 \r\n'),
('heng.zhang', '0851-85289928', '张恒', '贵阳办公室-开发部', 1, '', '', '', '手机号:13985038081 \r\n分机号:203 \r\n传真: \r\n品牌类型:肯德基 \r\n'),
('hengxiao.shi', '62736739', '石恒潇', '成都办公室-品管部', 1, '', '', '', '手机号:18010659517 \r\n分机号:6739 \r\n传真:028-86202311*3542 \r\n品牌类型:肯德基 \r\n'),
('hong.he', '63724061', '何宏', '重庆办公室-肯德基营运部', 1, '', '', '', '手机号:13908398365 \r\n分机号: \r\n传真:023-63030440 \r\n品牌类型:肯德基 \r\n'),
('hongji.li', '0851-85289928', '李洪吉', '贵阳办公室-(肯德基)区经理', 1, '', '', '', '手机号:13158019683 \r\n分机号:204 \r\n传真:028-86202311-0851 \r\n品牌类型:肯德基 \r\n'),
('hongjin.yu', '62736682', '余宏进', '成都办公室-市场企划部', 1, '', '', '', '手机号:13452995612 \r\n分机号:6682 \r\n传真:028-86202311 *3416 \r\n品牌类型:肯德基 \r\n'),
('huan.wang', '', '王欢', '成都办公室-肯德基营运部', 1, '', '', '', '手机号:15982830131 \r\n分机号: \r\n传真: \r\n品牌类型:肯德基 \r\n'),
('huaxuan.feng', '62736651', '冯华宣', '成都办公室-营建设施部', 1, '', '', '', '手机号:13518160725 \r\n分机号:6651 \r\n传真:028-86202311*3426 \r\n品牌类型:肯德基 \r\n'),
('huaying.xiong', '63179918', '熊华瑛', '昆明办公室-肯德基 训练部', 1, '', '', '', '手机号:15887147721 \r\n分机号:229 \r\n传真:0871-63171708 \r\n品牌类型:肯德基 \r\n'),
('hui.gao', '62736866', '高晖', '成都办公室-肯德基营运部', 1, '', '', '', '手机号:18628003111 \r\n分机号:6866 \r\n传真: \r\n品牌类型:肯德基 \r\n'),
('hui.jiang', '62736672', '蒋辉', '成都办公室-营建设施部', 1, '', '', '', '手机号:18140110016 \r\n分机号:6672 \r\n传真:028-86202311*3426 \r\n品牌类型:肯德基 \r\n'),
('irence.zhang', '63724061', '张晓凌', '重庆办公室-必胜客营运部', 1, '', '', '', '手机号:18623398211 \r\n分机号:236 \r\n传真:023-63030440 \r\n品牌类型:必胜客 \r\n'),
('jacky.zheng-cdu', '', '郑静', '成都办公室-肯德基营运部', 1, '', '', '', '手机号:18523737733 \r\n分机号: \r\n传真: \r\n品牌类型:肯德基 \r\n'),
('jane.ji', '62736858', '戢英', '成都办公室-人力资源部', 1, '', '', '', '手机号:13458666868 \r\n分机号:6858 \r\n传真:028-86202311*3450 \r\n品牌类型:肯德基 \r\n'),
('jane.xu', '62736693', '许燕', '成都办公室-必胜客营运部', 1, '', '', '', '手机号:13981970589 \r\n分机号:6693 \r\n传真:028-86202311*2287 \r\n品牌类型:必胜客 \r\n'),
('jiali.song', '', '宋佳励', '成都办公室-肯德基营运部', 1, '', '', '', '手机号:18608061872 \r\n分机号: \r\n传真: \r\n品牌类型:肯德基 \r\n'),
('jian.liu-cdu', '62736586', '刘剑', '成都办公室-开发部', 1, '', '', '', '手机号:13550299995 \r\n分机号:6586 \r\n传真:028-86202311*3491 \r\n品牌类型:肯德基 \r\n'),
('jiang.chu', '62736883', '储江', '成都办公室-财务部', 1, '', '', '', '手机号: \r\n分机号:6883 \r\n传真:028-86202311*2242 \r\n品牌类型:肯德基 \r\n'),
('jiang.huang', '62736839', '黄江', '成都办公室-人力资源部', 1, '', '', '', '手机号: \r\n分机号:6839 \r\n传真:028-86202311*3450 \r\n品牌类型:肯德基 \r\n'),
('jiani.qian', '62736816', '钱佳妮', '成都办公室-市场训练部', 1, '', '', '', '手机号: \r\n分机号:6816 \r\n传真:028-86202311*2294 \r\n品牌类型:肯德基 \r\n'),
('jianliang.liu', '63179918', '刘建梁', '昆明办公室-开发部', 1, '', '', '', '手机号:13619642224 \r\n分机号:233 \r\n传真:0871-63171708 \r\n品牌类型:肯德基 \r\n'),
('jianzhong.duan', '63179918', '段建忠', '昆明办公室-营建设施部', 1, '', '', '', '手机号:13769176927 \r\n分机号:218 \r\n传真:0871-63171708 \r\n品牌类型:肯德基 \r\n'),
('jiarubing', '62736691', '贾茹冰', '成都办公室-必胜客企划部', 1, '', '', '', '手机号: \r\n分机号:6691 \r\n传真:028-86202311*2287 \r\n品牌类型:必胜客 \r\n'),
('jiaxing.qin', '63724061', '秦佳星', '重庆办公室-肯德基营运部', 1, '', '', '', '手机号:13883362541 \r\n分机号:205 \r\n传真:023-63030440 \r\n品牌类型:肯德基 \r\n'),
('jie-cdu.chen', '62736878', '陈杰', '成都办公室-财务部', 1, '', '', '', '手机号: \r\n分机号:6878 \r\n传真:028-86202311*2242 \r\n品牌类型:肯德基 \r\n'),
('jie.cheng', '62736877', '程捷', '成都办公室-财务部', 1, '', '', '', '手机号: \r\n分机号:6877 \r\n传真:028-86202311*2242 \r\n品牌类型:肯德基 \r\n'),
('jin.peng', '62736898', '彭晋', '成都办公室-财务部', 1, '', '', '', '手机号:13881784345 \r\n分机号:6898 \r\n传真:028-86202311*2242 \r\n品牌类型:肯德基 \r\n'),
('jin.zhang', '0851-85289928', '张瑾', '贵阳办公室-行政专员', 1, '', '', '', '手机号:18785320386 \r\n分机号:203 \r\n传真: \r\n品牌类型:肯德基 \r\n'),
('jin.zhou', '63179918', '周瑾', '昆明办公室-肯德基营运部', 1, '', '', '', '手机号:13987158817 \r\n分机号:206 \r\n传真:0871-63171708 \r\n品牌类型:肯德基 \r\n'),
('jing-cdu,jiang', '62736656', '蒋竞', '成都办公室-营建设施部', 1, '', '', '', '手机号:13438139292 \r\n分机号:6656 \r\n传真:028-86202311*3426 \r\n品牌类型:肯德基 \r\n'),
('jing-cdu.du', '', '杜静', '成都办公室-肯德基营运部', 1, '', '', '', '手机号:18628045227? \r\n分机号: \r\n传真: \r\n品牌类型:肯德基 \r\n'),
('jinrui.liu', '63179918', '刘锦瑞', '昆明办公室-肯德基营运部', 1, '', '', '', '手机号:13529137019 \r\n分机号:210 \r\n传真:0871-63171708 \r\n品牌类型:肯德基 \r\n'),
('jinxiu.zou', '63724061', '邹锦秀', '重庆办公室-肯德基营运部', 1, '', '', '', '手机号:18623404266 \r\n分机号:201 \r\n传真:023-63030440 \r\n品牌类型:肯德基 \r\n'),
('jonna.chen', '', '陈娟', '成都办公室-必胜客营运部', 1, '', '', '', '手机号:21524490148 \r\n分机号: \r\n传真:028-86202311*2287 \r\n品牌类型:必胜客 \r\n'),
('joy.wang', '', '王瑛', '成都办公室-必胜客营运部', 1, '', '', '', '手机号:18602836034 \r\n分机号: \r\n传真:028-86202311*2287 \r\n品牌类型:必胜客 \r\n'),
('juan.zhang', '62736885', '张娟', '成都办公室-财务部', 1, '', '', '', '手机号: \r\n分机号:6885 \r\n传真:028-86202311*2242 \r\n品牌类型:肯德基 \r\n'),
('juan.zhou', '0851-85289928', '周娟', '贵阳办公室-(肯德基)区经理', 1, '', '', '', '手机号:18685149688 \r\n分机号:206 \r\n传真:028-86202311-0851 \r\n品牌类型:肯德基 \r\n'),
('julia.liao', '62736887', '廖华', '成都办公室-财务部', 1, '', '', '', '手机号: \r\n分机号:6887 \r\n传真:028-86202311*2242 \r\n品牌类型:肯德基 \r\n'),
('jun.chen', '63724061', '陈俊', '重庆办公室-开发部', 1, '', '', '', '手机号:18696650028 \r\n分机号:217 \r\n传真:023-63030440 \r\n品牌类型:肯德基 \r\n'),
('jun.wang', '62736658', '王军', '成都办公室-营建设施部', 1, '', '', '', '手机号:13547991979 \r\n分机号:6658 \r\n传真:028-86202311*3426 \r\n品牌类型:肯德基 \r\n'),
('jun.yang', '63724061', '杨君', '重庆办公室-肯德基营运部', 1, '', '', '', '手机号: \r\n分机号: \r\n传真:023-63030440 \r\n品牌类型:肯德基 \r\n'),
('jun.zhu', '62736657', '朱俊', '成都办公室-营建设施部', 1, '', '', '', '手机号:13350057515 \r\n分机号:6657 \r\n传真:028-86202311*3426 \r\n品牌类型:肯德基 \r\n'),
('junfeng.geng', '62736671', '耿军锋', '成都办公室-营建设施部', 1, '', '', '', '手机号:15308033532 \r\n分机号:6671 \r\n传真:028-86202311*3426 \r\n品牌类型:肯德基 \r\n'),
('juy001', '84310995', '张燕', '成都', 2, 'SM城市广场', 'JUY001', '张燕', '地址:成都市二环路东二段29号SM城市广场137-141 \r\n邮编:610081 \r\n开店日期:07.01.27 \r\n二次开店日: \r\n区经理:杨晓秋 \r\n营运经理:达小林 \r\n业务形态1: \r\n业务形态2: \r\n业务形态3: \r\n品牌分类:肯德基 \r\n'),
('kaizhi.ye', '62736683', '叶开志', '成都办公室-市场企划部', 1, '', '', '', '手机号:13882182213 \r\n分机号:6683 \r\n传真:028-86202311 *3416 \r\n品牌类型:肯德基 \r\n'),
('kathy.zhou', '', '周莹芸', '成都办公室-人力资源部', 1, '', '', '', '手机号: \r\n分机号:6830 \r\n传真:028-86202311*3450 \r\n品牌类型:肯德基 \r\n'),
('ke.li', '62736836', '李科', '成都办公室-人力资源部', 1, '', '', '', '手机号: \r\n分机号:6836 \r\n传真:028-86202311*3450 \r\n品牌类型:肯德基 \r\n'),
('kelly.gan', '', '甘露', '成都办公室-必胜客企划部', 1, '', '', '', '手机号: \r\n分机号: \r\n传真: \r\n品牌类型:必胜客 \r\n'),
('kelly.yi', '63724061', '易晓珺', '重庆办公室-品管部', 1, '', '', '', '手机号:13452868131 \r\n分机号:245 \r\n传真:023-63030440 \r\n品牌类型:肯德基 \r\n'),
('kevin-cdu.cao', '62736735', '曹冠华', '成都办公室-品管部', 1, '', '', '', '手机号:13438967729 \r\n分机号:6735 \r\n传真:028-86202311*3542 \r\n品牌类型:肯德基 \r\n'),
('kmn002', '63573224', '和四伟', '昆明', 2, '山姆', 'KMN002', '和四伟', '地址:昆明市春城路沃尔玛一层 \r\n邮编:650000 \r\n开店日期:01.07.27 \r\n二次开店日: \r\n区经理:葛丽艳 \r\n营运经理:戚莉莉 \r\n业务形态1: \r\n业务形态2: \r\n业务形态3: \r\n品牌分类:肯德基 \r\n'),
('kmn003', '65370993', '谢波', '昆明', 2, '大观', 'KMN003', '谢波', '地址:昆明市大观街大观商业城沃尔玛1层 \r\n邮编:650000 \r\n开店日期:11.09.27 \r\n二次开店日: \r\n区经理:唐燕 \r\n营运经理:武斌 \r\n业务形态1:24小时 \r\n业务形态2:宅急送 \r\n业务形态3: \r\n品牌分类:肯德基 \r\n'),
('kmn005', '63395682', '宋挺', '昆明', 2, '集大', 'KMN005', '宋挺', '地址:昆明市环城东路188号 \r\n邮编:650000 \r\n开店日期:02.08.28 \r\n二次开店日: \r\n区经理:方云涛 \r\n营运经理:姚琦 \r\n业务形态1: \r\n业务形态2: \r\n业务形态3: \r\n品牌分类:肯德基 \r\n'),
('kmn057', '0877-2025275/2027065', '合敏', '玉溪市', 2, '恒达', 'KMN057', '合敏', '地址:玉溪市新兴路恒达商厦(玉溪市南北大街15号) \r\n邮编:653100 \r\n开店日期:02.11.23 \r\n二次开店日: \r\n区经理:赵春 \r\n营运经理:戚莉莉 \r\n业务形态1: \r\n业务形态2: \r\n业务形态3: \r\n品牌分类:肯德基 \r\n'),
('kmn063', '0871-65709170/65709269', '陈俊', '昆明', 2, '白云', 'KMN063', '陈俊', '地址:昆明市北京延长线大白庙村家乐福超市 \r\n邮编:650021 \r\n开店日期:03.01.10 \r\n二次开店日: \r\n区经理:张烨 \r\n营运经理:戚莉莉 \r\n业务形态1: \r\n业务形态2: \r\n业务形态3: \r\n品牌分类:肯德基 \r\n'),
('kmn064', '63368332', '孔凡清', '昆明', 2, '新迎', 'KMN064', '孔凡清', '地址:昆明市新迎路212号好又多超市 \r\n邮编:650000 \r\n开店日期:03.01.17 \r\n二次开店日: \r\n区经理:钱芳 \r\n营运经理:姚琦 \r\n业务形态1: \r\n业务形态2: \r\n业务形态3: \r\n品牌分类:肯德基 \r\n'),
('kmn077', '63163855/63163851', '袁晓迪', '昆明', 2, '青年路', 'KMN077', '袁晓迪', '地址:昆明市人民中路17号新西南大厦广场 \r\n邮编:650000 \r\n开店日期:12.07.04 \r\n二次开店日: \r\n区经理:方云涛 \r\n营运经理:姚琦 \r\n业务形态1: \r\n业务形态2: \r\n业务形态3: \r\n品牌分类:肯德基 \r\n'),
('kmn083', '0874-3131032', '孙丽英', '曲靖', 2, '曲百', 'KMN083', '孙丽英', '地址:曲靖市麒麟南路186号 \r\n邮编:655000 \r\n开店日期:11.10.22 \r\n二次开店日: \r\n区经理:吴晓东 \r\n营运经理:武斌 \r\n业务形态1: \r\n业务形态2: \r\n业务形态3: \r\n品牌分类:肯德基 \r\n'),
('kmn113', '0872-2115063', '赵再美', '大理', 2, '人民公园', 'KMN113', '赵再美', '地址:大理市下关建设路奥霖大厦 \r\n邮编:671000 \r\n开店日期:05.02.04 \r\n二次开店日: \r\n区经理:杨永竹 \r\n营运经理:姚琦 \r\n业务形态1:24小时 \r\n业务形态2:宅急送 \r\n业务形态3: \r\n品牌分类:肯德基 \r\n'),
('kmn127', '0888-5116271    （传）5116272', '王佐梅', '丽江', 2, '古城', 'KMN127', '王佐梅', '地址:丽江新大街丽江大酒店群楼 \r\n邮编:674100 \r\n开店日期:05.10.15 \r\n二次开店日: \r\n区经理:杨永竹 \r\n营运经理:姚琦 \r\n业务形态1: \r\n业务形态2: \r\n业务形态3: \r\n品牌分类:肯德基 \r\n'),
('kmn148', '65151835', '毕睿玲', '昆明', 2, '龙泉', 'KMN148', '毕睿玲', '地址:昆明市龙泉路35-37号 \r\n邮编:650000 \r\n开店日期:06.09.08 \r\n二次开店日: \r\n区经理:钱芳 \r\n营运经理:姚琦 \r\n业务形态1: \r\n业务形态2: \r\n业务形态3: \r\n品牌分类:肯德基 \r\n'),
('kmn152', '0871-65737107/65730107', '谷帆', '昆明', 2, '北辰', 'KMN152', '谷帆', '地址:云南省昆明市北京路延长线财富中心E栋 \r\n邮编:650000 \r\n开店日期:07.07.01 \r\n二次开店日: \r\n区经理:计燕飞 \r\n营运经理:戚莉莉 \r\n业务形态1: \r\n业务形态2: \r\n业务形态3: \r\n品牌分类:肯德基 \r\n'),
('kmn163', '0871-64165205/64186030', '周舟', '昆明', 2, '东寺街', 'KMN163', '周舟', '地址:昆明东寺街中段 东方广场A座一二层 \r\n邮编:650000 \r\n开店日期:07.9.17 \r\n二次开店日:13.10.26 \r\n区经理:黄婷婷 \r\n营运经理:姚琦 \r\n业务形态1: \r\n业务形态2: \r\n业务形态3: \r\n品牌分类:肯德基 \r\n'),
('kmn164', '0871-63640220/63647279', '王康诚', '昆明', 2, '祥云', 'KMN164', '王康诚', '地址:昆明市同仁街41号倾城名店一、二楼肯德基 \r\n邮编:650000 \r\n开店日期:07.12.30 \r\n二次开店日: \r\n区经理:黄婷婷 \r\n营运经理:姚琦 \r\n业务形态1: \r\n业务形态2: \r\n业务形态3: \r\n品牌分类:肯德基 \r\n'),
('kmn165', '0876-2139165/2137165(FX)', '代红娟（代）', '文山市', 2, '光大', 'KMN165', '代红娟（代）', '地址:云南省文山县东风路光大步行街C幢1-2层 \r\n邮编:663000 \r\n开店日期:08.05.01 \r\n二次开店日: \r\n区经理:计燕飞 \r\n营运经理:戚莉莉 \r\n业务形态1: \r\n业务形态2: \r\n业务形态3: \r\n品牌分类:肯德基 \r\n'),
('kmn166', '68226301', '蒋乐', '昆明', 2, '西山店', 'KMN166', '蒋乐', '地址:昆明市兴苑路城市领地花园超市一层 \r\n邮编:650000 \r\n开店日期:08.12.28 \r\n二次开店日: \r\n区经理:唐燕 \r\n营运经理:武斌 \r\n业务形态1:24小时 \r\n业务形态2:宅急送 \r\n业务形态3: \r\n品牌分类:肯德基 \r\n'),
('kmn167', '64165169', '李靖梅', '昆明', 2, '新闻路', 'KMN167', '李靖梅', '地址:昆明市新闻路337号-339号一层 \r\n邮编:650000 \r\n开店日期:08.11.29 \r\n二次开店日: \r\n区经理:唐燕 \r\n营运经理:武斌 \r\n业务形态1:24小时 \r\n业务形态2:宅急送 \r\n业务形态3: \r\n品牌分类:肯德基 \r\n'),
('kmn168', '0874-3297118', '恭大成', '曲靖', 2, '阿诗玛', 'KMN168', '恭大成', '地址:曲靖市交通路与麒麟北路交汇处一,二层肯德基餐厅 \r\n邮编:655000 \r\n开店日期:09.01.23 \r\n二次开店日: \r\n区经理:吴晓东 \r\n营运经理:武斌 \r\n业务形态1:24小时 \r\n业务形态2:宅急送 \r\n业务形态3: \r\n品牌分类:肯德基 \r\n'),
('kmn170', '65114292', '杨艳', '昆明', 2, '云大店', 'KMN170', '杨艳', '地址:昆明市圆通东路佰腾数码广场一楼 \r\n邮编:650000 \r\n开店日期:08.12.21 \r\n二次开店日: \r\n区经理:钱芳 \r\n营运经理:姚琦 \r\n业务形态1: \r\n业务形态2: \r\n业务形态3: \r\n品牌分类:肯德基 \r\n'),
('kmn171', '0871-68369170/68369171', '王静', '昆明', 2, '正义路', 'KMN171', '王静', '地址:昆明市人民中路51、53号正义西街133号一层及正义坊A1栋二层 \r\n邮编:650000 \r\n开店日期:09.10.17 \r\n二次开店日: \r\n区经理:方云涛 \r\n营运经理:姚琦 \r\n业务形态1: \r\n业务形态2: \r\n业务形态3: \r\n品牌分类:肯德基 \r\n'),
('kmn172', '67199357', '张仲军', '昆明', 2, '世纪城', 'KMN172', '张仲军', '地址:昆明市官渡区金源大道一号世纪金源购物中心一楼肯德基餐厅 \r\n邮编:650000 \r\n开店日期:09.05.16 \r\n二次开店日: \r\n区经理:葛丽艳 \r\n营运经理:戚莉莉 \r\n业务形态1: \r\n业务形态2: \r\n业务形态3: \r\n品牌分类:肯德基 \r\n');
INSERT INTO `bs_admin` (`username`, `tel`, `name`, `dep_name`, `type`, `ct_name`, `dh_name`, `ct_boss`, `desc`) VALUES
('kmn173', '0871-63631597/63622981', '王秋红', '昆明', 2, '顺城', 'KMN173', '王秋红', '地址:昆明市五华区崇仁街15号 \r\n邮编:650000 \r\n开店日期:09.10.10 \r\n二次开店日: \r\n区经理:黄婷婷 \r\n营运经理:姚琦 \r\n业务形态1: \r\n业务形态2: \r\n业务形态3: \r\n品牌分类:肯德基 \r\n'),
('kmn174', '0873-8851876/8851877(Fax)', '王德兵', '个旧', 2, '鑫和都', 'KMN174', '王德兵', '地址:个旧市五一路鑫和都商业广场远卓百货二楼 \r\n邮编:661000 \r\n开店日期:09.12.11 \r\n二次开店日: \r\n区经理:赵春 \r\n营运经理:戚莉莉 \r\n业务形态1:24小时 \r\n业务形态2:宅急送 \r\n业务形态3: \r\n品牌分类:肯德基 \r\n'),
('kmn175', '0888- 5103539', '和丽莎', '丽江', 2, '玉河', 'KMN175', '和丽莎', '地址:丽江市古城区新义街积善巷82号 \r\n邮编:674100 \r\n开店日期:10.09.24 \r\n二次开店日: \r\n区经理:杨永竹 \r\n营运经理:姚琦 \r\n业务形态1: \r\n业务形态2: \r\n业务形态3: \r\n品牌分类:肯德基 \r\n'),
('kmn176', '68189708', '蒋红', '昆明', 2, '云山路', 'KMN176', '蒋红', '地址:云山路与二环西路交叉口 \r\n邮编:650000 \r\n开店日期:12.05.03 \r\n二次开店日: \r\n区经理:刘泉 \r\n营运经理:武斌 \r\n业务形态1: \r\n业务形态2:宅急送 \r\n业务形态3: \r\n品牌分类:肯德基 \r\n'),
('kmn177', '0691-2589118/（传真）2589289', '彭学毅', '景洪', 2, '勐泐', 'KMN177', '彭学毅', '地址:西双版纳景洪市勐泐大道58号 \r\n邮编:666100 \r\n开店日期:11.01.08 \r\n二次开店日: \r\n区经理:张烨 \r\n营运经理:戚莉莉 \r\n业务形态1:24小时 \r\n业务形态2:宅急送 \r\n业务形态3: \r\n品牌分类:肯德基 \r\n'),
('kmn178', '68312468', '张娅敏', '昆明', 2, '正大紫都', 'KMN178', '张娅敏', '地址:交菱路与二环西路交叉口正大紫都城一楼 \r\n邮编:650000 \r\n开店日期:11.11.01 \r\n二次开店日: \r\n区经理:刘泉 \r\n营运经理:武斌 \r\n业务形态1:24小时 \r\n业务形态2:宅急送 \r\n业务形态3: \r\n品牌分类:肯德基 \r\n'),
('kmn179', '0874-3196520', '刘艳', '曲靖', 2, '中天', 'KMN179', '刘艳', '地址:曲靖市麒麟区麒麟南路中天嘉圆一层 \r\n邮编:655000 \r\n开店日期:10.11.12 \r\n二次开店日: \r\n区经理:吴晓东 \r\n营运经理:武斌 \r\n业务形态1:24小时 \r\n业务形态2:宅急送 \r\n业务形态3: \r\n品牌分类:肯德基 \r\n'),
('kmn180', '0873-3949477', '叶健良', '蒙自', 2, '天马路', 'KMN180', '叶健良', '地址:云南红河州蒙自县天马路俊豪中央大街一、二层 \r\n邮编:661100 \r\n开店日期:11.01.01 \r\n二次开店日: \r\n区经理:赵春 \r\n营运经理:戚莉莉 \r\n业务形态1: \r\n业务形态2: \r\n业务形态3: \r\n品牌分类:肯德基 \r\n'),
('kmn181', '0871-65096551/65096810', '刘雨青', '昆明', 2, '嘉年华', 'KMN181', '刘雨青', '地址:云南省昆明市烟草路嘉年华购物广场一层KFC \r\n邮编:650000 \r\n开店日期:10.12.30 \r\n二次开店日: \r\n区经理:计燕飞 \r\n营运经理:戚莉莉 \r\n业务形态1: \r\n业务形态2: \r\n业务形态3: \r\n品牌分类:肯德基 \r\n'),
('kmn182', '64593193', '彭峰', '昆明', 2, '新南亚', 'KMN182', '彭峰', '地址:滇池路，南亚第一城 \r\n邮编:650000 \r\n开店日期:11.12.13 \r\n二次开店日: \r\n区经理:唐燕 \r\n营运经理:武斌 \r\n业务形态1:24小时 \r\n业务形态2:宅急送 \r\n业务形态3: \r\n品牌分类:肯德基 \r\n'),
('kmn183', '0878-3164658     (传）3164659', '刘绪', '楚雄', 2, '楚雄', 'KMN183', '刘绪', '地址:楚雄市中大街紫溪财富中心一层（中大街与府后街交汇处） \r\n邮编:675000 \r\n开店日期:11.07.17 \r\n二次开店日: \r\n区经理:杨永竹 \r\n营运经理:姚琦 \r\n业务形态1: \r\n业务形态2:宅急送 \r\n业务形态3: \r\n品牌分类:肯德基 \r\n'),
('kmn184', '0873-3138688/3138699（Fax）', '廖晓波', '开远', 2, '人民路', 'KMN184', '廖晓波', '地址:云南省开远市人民中路66号 \r\n邮编:661600 \r\n开店日期:11.09.10 \r\n二次开店日: \r\n区经理:赵春 \r\n营运经理:戚莉莉 \r\n业务形态1:24小时 \r\n业务形态2:宅急送 \r\n业务形态3: \r\n品牌分类:肯德基 \r\n'),
('kmn185', '0873-3185799/63185766(Fax)', '林紫', '建水', 2, '临安', 'KMN185', '林紫', '地址:云南建水县临安镇北正路1号，时代中心一、二层 \r\n邮编:654300 \r\n开店日期:11.06.12 \r\n二次开店日: \r\n区经理:赵春 \r\n营运经理:戚莉莉 \r\n业务形态1:24小时 \r\n业务形态2:宅急送 \r\n业务形态3: \r\n品牌分类:肯德基 \r\n'),
('kmn186', '64598767', '张少一', '昆明', 2, '光辉城市', 'KMN186', '张少一', '地址:云南省昆明市新兴路，光辉城市（沃尔玛入口） \r\n邮编:650000 \r\n开店日期:11.06.22 \r\n二次开店日: \r\n区经理:曹喆 \r\n营运经理:武斌 \r\n业务形态1:24小时 \r\n业务形态2:宅急送 \r\n业务形态3: \r\n品牌分类:肯德基 \r\n'),
('kmn187', '0871-63612225', '马晶晶', '昆明', 2, '美辰', 'KMN187', '马晶晶', '地址:昆明市人民东路美辰百货1F \r\n邮编:650000 \r\n开店日期:11.07.01 \r\n二次开店日: \r\n区经理:钱芳 \r\n营运经理:姚琦 \r\n业务形态1: \r\n业务形态2: \r\n业务形态3: \r\n品牌分类:肯德基 \r\n'),
('kmn189', '68195185/68173763', '李海涛', '昆明', 2, '启鸿假日', 'KMN189', '李海涛', '地址:昆明五华区假日城市小区一层 \r\n邮编:650000 \r\n开店日期:13.11.21 \r\n二次开店日: \r\n区经理:唐燕 \r\n营运经理:武斌 \r\n业务形态1:24小时 \r\n业务形态2:宅急送 \r\n业务形态3: \r\n品牌分类:肯德基 \r\n'),
('kmn190', '64136970/64120190', '周玉雪', '昆明', 2, '海埂路', 'KMN190', '周玉雪', '地址:昆明市老海埂路东南亚珠宝商城对面臻万百货一楼肯德基 \r\n邮编:650000 \r\n开店日期:11.08.16 \r\n二次开店日: \r\n区经理:曹喆 \r\n营运经理:武斌 \r\n业务形态1: \r\n业务形态2:宅急送 \r\n业务形态3: \r\n品牌分类:肯德基 \r\n'),
('kmn191', '0692-2115833/2115855', '李凌雁', '芒市', 2, '勐焕', 'KMN191', '李凌雁', '地址:德宏州芒市勐焕路11号 \r\n邮编:678499 \r\n开店日期:12.06.22 \r\n二次开店日: \r\n区经理:曹喆 \r\n营运经理:武斌 \r\n业务形态1:24小时 \r\n业务形态2: \r\n业务形态3: \r\n品牌分类:肯德基 \r\n'),
('kmn192', '0871-65346368/65148851', '郭芸雁', '昆明', 2, '和谐世纪', 'KMN192', '郭芸雁', '地址:昆明市北市区小康大道一层 \r\n邮编:650000 \r\n开店日期:11.09.10 \r\n二次开店日: \r\n区经理:计燕飞 \r\n营运经理:戚莉莉 \r\n业务形态1: \r\n业务形态2: \r\n业务形态3: \r\n品牌分类:肯德基 \r\n'),
('kmn194', '0691-2566133/2566132', '杨秀梅', '景洪', 2, '西双十二城', 'KMN194', '杨秀梅', '地址:勐海路西双十二城一层 \r\n邮编:6661000 \r\n开店日期:11.10.22 \r\n二次开店日: \r\n区经理:张烨 \r\n营运经理:戚莉莉 \r\n业务形态1: \r\n业务形态2:宅急送 \r\n业务形态3: \r\n品牌分类:肯德基 \r\n'),
('kmn195', '0871-68690821', '赵祖旭', '昆明', 2, '金方', 'KMN195', '赵祖旭', '地址:安宁市湖滨西路，金方扩建项目1.2层 \r\n邮编:650000 \r\n开店日期:11.12.31 \r\n二次开店日: \r\n区经理:钱芳 \r\n营运经理:姚琦 \r\n业务形态1:24小时 \r\n业务形态2: \r\n业务形态3: \r\n品牌分类:肯德基 \r\n'),
('kmn196', '67085682', '曾繁东', '昆明', 2, '长水机场', 'KMN196', '曾繁东', '地址:昆明长水国际机场候机楼负一楼 \r\n邮编:650000 \r\n开店日期:12.06.28 \r\n二次开店日: \r\n区经理:葛丽艳 \r\n营运经理:戚莉莉 \r\n业务形态1: \r\n业务形态2: \r\n业务形态3: \r\n品牌分类:肯德基 \r\n'),
('kmn197', '0874-7142322', '刘祥', '曲靖', 2, '宣威上堡街', 'KMN197', '刘祥', '地址:宣威市向阳东街与上堡街交汇处 \r\n邮编:655000 \r\n开店日期:14.12.31 \r\n二次开店日: \r\n区经理:吴晓东 \r\n营运经理:武斌 \r\n业务形态1: \r\n业务形态2: \r\n业务形态3: \r\n品牌分类:肯德基 \r\n'),
('kmn198', '63922682/63920667', '杨帆', '昆明', 2, '星耀路', 'KMN198', '杨帆', '地址:昆明市官渡区星耀路星都总部基地星世界A座1-2层 \r\n邮编:650000 \r\n开店日期:12.07.14 \r\n二次开店日: \r\n区经理:葛丽艳 \r\n营运经理:戚莉莉 \r\n业务形态1:24小时 \r\n业务形态2:宅急送 \r\n业务形态3: \r\n品牌分类:肯德基 \r\n'),
('kmn199', '68871946', '杨晓蓓', '昆明', 2, '大屯', 'KMN199', '杨晓蓓', '地址:安宁大屯路与珍泉交叉路口金色时代广场 \r\n邮编:650000 \r\n开店日期:12.07.11 \r\n二次开店日: \r\n区经理:钱芳 \r\n营运经理:姚琦 \r\n业务形态1: \r\n业务形态2: \r\n业务形态3: \r\n品牌分类:肯德基 \r\n'),
('kmn200', '68095207/68095206', '孙文文', '昆明', 2, '益龙万象', 'KMN200', '孙文文', '地址:环城东路与白龙路交叉口益龙万象城一楼 \r\n邮编:650000 \r\n开店日期:12.07.25 \r\n二次开店日: \r\n区经理:方云涛 \r\n营运经理:姚琦 \r\n业务形态1: \r\n业务形态2: \r\n业务形态3: \r\n品牌分类:肯德基 \r\n'),
('kmn201', '', '', '昆明', 2, '国际银座', 'KMN201', '', '地址:昆明经济技术开发区出口加工区顺城大道第三城.印象欣城C区负一、一层 \r\n邮编:650000 \r\n开店日期: \r\n二次开店日: \r\n区经理: \r\n营运经理: \r\n业务形态1: \r\n业务形态2: \r\n业务形态3: \r\n品牌分类:肯德基 \r\n'),
('kmn202', '0871-63646816', '王宏清/李馨玲', '昆明', 2, '新柏联', 'KMN202', '王宏清/李馨玲', '地址:三市街六号柏联广场商业廊一、二楼 \r\n邮编:650000 \r\n开店日期:12.09.30 \r\n二次开店日: \r\n区经理:黄婷婷 \r\n营运经理:姚琦 \r\n业务形态1: \r\n业务形态2: \r\n业务形态3: \r\n品牌分类:肯德基 \r\n'),
('kmn203', '0870-2865928 15012306788', '杜光玉', '昭通', 2, '中汇', 'KMN203', '杜光玉', '地址:昭阳区环城东路与朱提大道交叉口东南侧昭通中汇商业城B区1层 \r\n邮编:657000 \r\n开店日期:14.1.1 \r\n二次开店日: \r\n区经理:刘泉 \r\n营运经理:武斌 \r\n业务形态1: \r\n业务形态2: \r\n业务形态3: \r\n品牌分类:肯德基 \r\n'),
('kmn204', '', '', '昆明', 2, '金尚俊园', 'KMN204', '', '地址:盘龙区联盟街道办事处新发村金商俊园13栋1层 \r\n邮编:650000 \r\n开店日期: \r\n二次开店日: \r\n区经理: \r\n营运经理: \r\n业务形态1: \r\n业务形态2: \r\n业务形态3: \r\n品牌分类:肯德基 \r\n'),
('kmn205', '0879-2196001', '徐健', '普洱', 2, '创基尚城', 'KMN205', '徐健', '地址:林源路与迎春巷交叉口创基尚城C-1-6号二层 \r\n邮编:665000 \r\n开店日期:13.7.27 \r\n二次开店日: \r\n区经理:张烨 \r\n营运经理:戚莉莉 \r\n业务形态1: \r\n业务形态2: \r\n业务形态3: \r\n品牌分类:肯德基 \r\n'),
('kmn206', '0874-6823298', '李文娟（代）', '陆良', 2, '同乐', 'KMN206', '李文娟（代）', '地址:云南省曲靖市陆良县西华路口圣邦新城一二层 \r\n邮编:655600 \r\n开店日期:13.02.06 \r\n二次开店日: \r\n区经理:吴晓东 \r\n营运经理:武斌 \r\n业务形态1: \r\n业务形态2: \r\n业务形态3: \r\n品牌分类:肯德基 \r\n'),
('kmn207', '0873-6160899', '冉乙君', '弥勒市', 2, '弥勒', 'KMN207', '冉乙君', '地址:云南省弥勒市髯翁路KFC \r\n邮编:650000 \r\n开店日期:14.10.1 \r\n二次开店日: \r\n区经理:方云涛 \r\n营运经理:姚琦 \r\n业务形态1: \r\n业务形态2: \r\n业务形态3: \r\n品牌分类:肯德基 \r\n'),
('kmn208', '0875-2120988  2120290', '李春', '保山', 2, '保山九龙', 'KMN208', '李春', '地址:保山市隆阳区九龙路186号 \r\n邮编:678000 \r\n开店日期:13.01.18 \r\n二次开店日: \r\n区经理:曹喆 \r\n营运经理:武斌 \r\n业务形态1:24小时 \r\n业务形态2:宅急送 \r\n业务形态3: \r\n品牌分类:肯德基 \r\n'),
('kmn209', '0873-6699900', '罗桂萍', '泸西县', 2, '九华', 'KMN209', '罗桂萍', '地址:云南省红河哈尼族彝族自治州泸西县九华路中段泸西新天地商场 \r\n邮编:652400 \r\n开店日期:13.02.06 \r\n二次开店日: \r\n区经理:方云涛 \r\n营运经理:戚莉莉 \r\n业务形态1: \r\n业务形态2: \r\n业务形态3: \r\n品牌分类:肯德基 \r\n'),
('kmn212', '', '', '昆明', 2, '百富琪', 'KMN212', '', '地址:吴井路32号百富琪商业广场一、二层 \r\n邮编:650000 \r\n开店日期: \r\n二次开店日: \r\n区经理: \r\n营运经理: \r\n业务形态1: \r\n业务形态2: \r\n业务形态3: \r\n品牌分类:肯德基 \r\n'),
('kmn213', '0870-2358222', '常峥', '昭通', 2, '西街', 'KMN213', '常峥', '地址:昭通昭阳区西街252号F1-3层 \r\n邮编:657000 \r\n开店日期:13.06.29 \r\n二次开店日: \r\n区经理:刘泉 \r\n营运经理:武斌 \r\n业务形态1: \r\n业务形态2: \r\n业务形态3: \r\n品牌分类:肯德基 \r\n'),
('kmn214', '0887-8999899', '赵梅斌', '香格里拉', 2, '坛城', 'KMN214', '赵梅斌', '地址:香格里拉县长征大道38号 \r\n邮编:650000 \r\n开店日期:13.07.13 \r\n二次开店日: \r\n区经理:黄婷婷 \r\n营运经理:姚琦 \r\n业务形态1: \r\n业务形态2: \r\n业务形态3: \r\n品牌分类:肯德基 \r\n'),
('kmn215', '', '', '昆明', 2, '欢乐城', 'KMN215', '', '地址:官渡区矣六办事处海运花园二期欢乐城15栋F1-2层 \r\n邮编:650000 \r\n开店日期: \r\n二次开店日: \r\n区经理: \r\n营运经理: \r\n业务形态1: \r\n业务形态2: \r\n业务形态3: \r\n品牌分类:肯德基 \r\n'),
('kmn216', '15288247356', '陈英', '昆明', 2, '新螺蛳湾二期', 'KMN216', '陈英', '地址:官渡区宏仁片区昆明螺蛳湾商贸城二期5号楼F1-2 \r\n邮编:650000 \r\n开店日期: \r\n二次开店日: \r\n区经理:葛丽艳 \r\n营运经理:戚莉莉 \r\n业务形态1: \r\n业务形态2: \r\n业务形态3: \r\n品牌分类:肯德基 \r\n'),
('kmn217', '18187608300', '翟雨鑫', '文山市', 2, '东风路', 'KMN217', '翟雨鑫', '地址:东风路北片区三组团光大广场2期1-2 \r\n邮编:663000 \r\n开店日期:14.12.06 \r\n二次开店日: \r\n区经理:计燕飞 \r\n营运经理:戚莉莉 \r\n业务形态1: \r\n业务形态2: \r\n业务形态3: \r\n品牌分类:肯德基 \r\n'),
('kmn218', '0871-67015164', '彭学毅', '昆明', 2, '官南大道', 'KMN218', '彭学毅', '地址:昆明市官南大道2169号大润发商业广场一楼2号商铺 \r\n邮编:650000 \r\n开店日期:13.12.28 \r\n二次开店日: \r\n区经理:张烨 \r\n营运经理:戚莉莉 \r\n业务形态1:24小时 \r\n业务形态2:宅急送 \r\n业务形态3: \r\n品牌分类:肯德基 \r\n'),
('kmn219', '0871-63630991', '王少才', '昆明', 2, '前兴万达', 'KMN219', '王少才', '地址:昆明市西山区前兴路万达广场二层 \r\n邮编: \r\n开店日期:14.10.31 \r\n二次开店日: \r\n区经理:曹喆 \r\n营运经理:武斌 \r\n业务形态1: \r\n业务形态2: \r\n业务形态3: \r\n品牌分类:肯德基 \r\n'),
('kmn301', '', '曾繁东', '昆明', 2, '机场精选', 'KMN301', '曾繁东', '地址: \r\n邮编: \r\n开店日期:预计14.12.24 \r\n二次开店日: \r\n区经理:葛丽艳 \r\n营运经理:戚莉莉 \r\n业务形态1: \r\n业务形态2: \r\n业务形态3: \r\n品牌分类:肯德基 \r\n'),
('kmn855', '0871-65214759/65214266', '赵华', '昆明', 2, '月牙塘DT', 'KMN855', '赵华', '地址:昆明市烟草路市政府月牙塘小区瑞丰龙商业广场2栋2-1号一二层 \r\n邮编:650000 \r\n开店日期:09.07.04 \r\n二次开店日: \r\n区经理:计燕飞 \r\n营运经理:戚莉莉 \r\n业务形态1: \r\n业务形态2: \r\n业务形态3: \r\n品牌分类:肯德基 \r\n'),
('kmn860', '0888-5125816', '杨树权', '丽江', 2, '祥和路DT', 'KMN860', '杨树权', '地址:丽江市祥和路278号 \r\n邮编:674100 \r\n开店日期:14.04.28 \r\n二次开店日: \r\n区经理:杨永竹 \r\n营运经理:姚琦 \r\n业务形态1: \r\n业务形态2: \r\n业务形态3: \r\n品牌分类:肯德基 \r\n'),
('laban.liao', '62736652', '廖承兴', '成都办公室-营建设施部', 1, '', '', '', '手机号:18080491055 \r\n分机号:6652 \r\n传真:028-86202311*3426 \r\n品牌类型:肯德基 \r\n'),
('lan-cdu.zhang', '62736659', '张兰', '成都办公室-营建设施部', 1, '', '', '', '手机号:13881838220 \r\n分机号:6659 \r\n传真:028-86202311*3426 \r\n品牌类型:肯德基 \r\n'),
('lan.wang', '63179918', '王岚', '昆明办公室-开发部', 1, '', '', '', '手机号:18687179132 \r\n分机号:221 \r\n传真:0871-63171708 \r\n品牌类型:肯德基 \r\n'),
('lei.tan', '62736838', '谭雷', '成都办公室-人力资源部', 1, '', '', '', '手机号:13688479394 \r\n分机号:6838 \r\n传真:028-86202311*3450 \r\n品牌类型:肯德基 \r\n'),
('lei.wang-cdu', '62736868', '王磊', '成都办公室-肯德基营运部', 1, '', '', '', '手机号:13908096907 \r\n分机号:6868 \r\n传真: \r\n品牌类型:肯德基 \r\n'),
('lesley.zhong', '63179918', '钟蓓', '昆明办公室-开发部', 1, '', '', '', '手机号:13908866876 \r\n分机号:220 \r\n传真:0871-63171708 \r\n品牌类型:肯德基 \r\n'),
('lewis-cdu.lu', '62736581', '卢曦', '成都办公室-开发部', 1, '', '', '', '手机号:18508203373 \r\n分机号:6581 \r\n传真:028-86202311*3491 \r\n品牌类型:肯德基 \r\n'),
('li-cdu.li', '62736892', '李莉', '成都办公室-财务部', 1, '', '', '', '手机号: \r\n分机号:6892 \r\n传真:028-86202311*2242 \r\n品牌类型:肯德基 \r\n'),
('li.lin', '62736732', '林利', '成都办公室-品管部', 1, '', '', '', '手机号:13312510588 \r\n分机号:6732 \r\n传真:028-86202311*3542 \r\n品牌类型:肯德基 \r\n'),
('li.lu', '', '陆莉', '成都办公室-肯德基营运部', 1, '', '', '', '手机号:13980051529/15528573330 \r\n分机号: \r\n传真: \r\n品牌类型:肯德基 \r\n'),
('li.song', '62736685', '宋丽', '成都办公室-市场企划部', 1, '', '', '', '手机号:18681370555 \r\n分机号:6685 \r\n传真:028-86202311 *3416 \r\n品牌类型:肯德基 \r\n'),
('lifen.ge', '63179918', '葛丽芬', '昆明办公室-人力资源部', 1, '', '', '', '手机号:18987072777 \r\n分机号:226 \r\n传真:0871-63171708 \r\n品牌类型:肯德基 \r\n'),
('lilee', '', '李云景', '成都办公室-必胜宅急送营运部', 1, '', '', '', '手机号:13980825301 \r\n分机号: \r\n传真:028-86202311*2287 \r\n品牌类型:必胜宅急送 \r\n'),
('lili.qi', '63179918', '戚莉莉', '昆明办公室-肯德基营运部', 1, '', '', '', '手机号:18669067232 \r\n分机号:200 \r\n传真:0871-63171708 \r\n品牌类型:肯德基 \r\n'),
('lina.cao', '62736895', '曹利娜', '成都办公室-财务部', 1, '', '', '', '手机号: \r\n分机号:6895 \r\n传真:028-86202311*2242 \r\n品牌类型:肯德基 \r\n'),
('linda.gao', '62736890', '高秀霖', '成都办公室-财务部', 1, '', '', '', '手机号: \r\n分机号:6890 \r\n传真:028-86202311*2242 \r\n品牌类型:肯德基 \r\n'),
('linda.lei', '62736859', '雷涛', '成都办公室-人力资源部', 1, '', '', '', '手机号: \r\n分机号:6859 \r\n传真:028-86202311*3450 \r\n品牌类型:肯德基 \r\n'),
('linda.lin', '', '林莉', '成都办公室-肯德基营运部', 1, '', '', '', '手机号:18200100199 \r\n分机号: \r\n传真: \r\n品牌类型:肯德基 \r\n'),
('ling.gao', '62736850', '高灵', '成都办公室-人力资源部', 1, '', '', '', '手机号: \r\n分机号:6850 \r\n传真:028-86202311*3450 \r\n品牌类型:肯德基 \r\n'),
('ling.xue', '62736776', '薛玲', '成都办公室-公共事物部', 1, '', '', '', '手机号:13540237718 \r\n分机号:6776 \r\n传真:028-86202311*2143 \r\n品牌类型:肯德基 \r\n'),
('liping-cdu.chen', '62736882', '陈丽屏', '成都办公室-财务部', 1, '', '', '', '手机号: \r\n分机号:6882 \r\n传真:028-86202311*2242 \r\n品牌类型:肯德基 \r\n'),
('lisa.he', '63179918', '何莉莎', '昆明办公室-开发部', 1, '', '', '', '手机号:18687163967 \r\n分机号:222 \r\n传真:0871-63171708 \r\n品牌类型:肯德基 \r\n'),
('liuqian-cdu', '', '刘倩', '成都办公室-必胜客营运部', 1, '', '', '', '手机号:13194976510 \r\n分机号: \r\n传真:028-86202311*2287 \r\n品牌类型:必胜客 \r\n'),
('liusummer', '', '刘科秀', '成都办公室-必胜客营运部', 1, '', '', '', '手机号:18583993600 \r\n分机号: \r\n传真:028-86202311*2287 \r\n品牌类型:必胜客 \r\n'),
('lixia.li', '63724061', '李丽霞', '重庆办公室-必胜客营运部', 1, '', '', '', '手机号:18502356206 \r\n分机号:234 \r\n传真:023-63030440 \r\n品牌类型:必胜客 \r\n'),
('liyan.ge', '63179918', '葛丽艳', '昆明办公室-肯德基营运部', 1, '', '', '', '手机号:18187227999 \r\n分机号:209 \r\n传真:0871-63171708 \r\n品牌类型:肯德基 \r\n'),
('liyingxia.li', '62736813', '李迎霞', '成都办公室-市场训练部', 1, '', '', '', '手机号:13308012466 \r\n分机号:6813 \r\n传真:028-86202311*2294 \r\n品牌类型:肯德基 \r\n'),
('lu.xie', '62736679', '谢路', '成都办公室-营建设施部', 1, '', '', '', '手机号:13880828201 \r\n分机号:6679 \r\n传真:028-86202311*3426 \r\n品牌类型:肯德基 \r\n'),
('lucy.wang', '62736692', '王文霞', '成都办公室-必胜宅急送企划部', 1, '', '', '', '手机号: \r\n分机号:6505 \r\n传真:028-86202311*2287 \r\n品牌类型:必胜宅急送 \r\n'),
('luo.lei', '62736870', '罗磊', '成都办公室-财务部', 1, '', '', '', '手机号: \r\n分机号:6870 \r\n传真:028-86202311*2242 \r\n品牌类型:肯德基 \r\n'),
('luwei.hu', '0851-85289928', '胡露伟', '贵阳办公室-品管部', 1, '', '', '', '手机号:18685131252 \r\n分机号:240 \r\n传真: \r\n品牌类型:肯德基 \r\n'),
('mark.li', '63724061', '李云', '重庆办公室-必胜客营运部', 1, '', '', '', '手机号:18602831739 \r\n分机号: \r\n传真:023-63030440 \r\n品牌类型:必胜客 \r\n'),
('max.he', '62736689', '何建刚', '成都办公室-必胜客营运部', 1, '', '', '', '手机号:18628066033 \r\n分机号:6689 \r\n传真:028-86202311*2287 \r\n品牌类型:必胜客 \r\n'),
('melody.dan', '63724061', '但敏', '重庆办公室-开发部', 1, '', '', '', '手机号:18696619706 \r\n分机号:218 \r\n传真:023-63030440 \r\n品牌类型:肯德基 \r\n'),
('miao.feng', '62736645', '冯淼', '成都办公室-营建设施部', 1, '', '', '', '手机号: \r\n分机号:6645 \r\n传真:028-86202311*3426 \r\n品牌类型:肯德基 \r\n'),
('mina.li', '63179918', '李米娜', '昆明办公室-开发部', 1, '', '', '', '手机号:13759177935 \r\n分机号:234 \r\n传真:0871-63171708 \r\n品牌类型:肯德基 \r\n'),
('ming.li', '63724061', '黎明', '重庆办公室-开发部', 1, '', '', '', '手机号:18696655111 \r\n分机号:208 \r\n传真:023-63030440 \r\n品牌类型:肯德基 \r\n'),
('ming.zhou', '', '周明', '成都办公室-肯德基营运部', 1, '', '', '', '手机号:13882054660 \r\n分机号: \r\n传真: \r\n品牌类型:肯德基 \r\n'),
('minggui.feng', '0851-85289928', '冯明桂', '贵阳办公室-(肯德基)营运助理', 1, '', '', '', '手机号:13595057677 \r\n分机号:201 \r\n传真:028-86202311-0851 \r\n品牌类型:肯德基 \r\n'),
('monica.zhao', '62736831', '赵丹', '成都办公室-人力资源部', 1, '', '', '', '手机号: \r\n分机号:6831 \r\n传真:028-86202311*3450 \r\n品牌类型:肯德基 \r\n'),
('moucandy', '', '牟茜', '成都办公室-必胜宅急送营运部', 1, '', '', '', '手机号:18628970377 \r\n分机号: \r\n传真:028-86202311*2287 \r\n品牌类型:必胜宅急送 \r\n'),
('nan.wu', '63179918', '吴楠', '昆明办公室-公共事务部', 1, '', '', '', '手机号:18687660708 \r\n分机号:215 \r\n传真:0871-63171708 \r\n品牌类型:肯德基 \r\n'),
('nick.zeng', '62736837', '曾荣竺', '成都办公室-人力资源部', 1, '', '', '', '手机号: \r\n分机号:6837 \r\n传真:028-86202311*3450 \r\n品牌类型:肯德基 \r\n'),
('ningchang.shen', '63179918', '沈宁长', '昆明办公室-开发部', 1, '', '', '', '手机号:13708400240 \r\n分机号:219 \r\n传真:0871-63171708 \r\n品牌类型:肯德基 \r\n'),
('peng-cdu.gao', '62736851', '高鹏', '成都办公室-人力资源部', 1, '', '', '', '手机号: \r\n分机号:6851 \r\n传真:028-86202311*3450 \r\n品牌类型:肯德基 \r\n'),
('peter.meng', '62736582', '孟祥煜', '成都办公室-开发部', 1, '', '', '', '手机号:18902093327 \r\n分机号:6582 \r\n传真:028-86202311*3491 \r\n品牌类型:肯德基 \r\n'),
('phoebe.yi', '', '易晓苑', '成都办公室-必胜客营运部', 1, '', '', '', '手机号:15681181920 \r\n分机号: \r\n传真:028-86202311*2287 \r\n品牌类型:必胜客 \r\n'),
('ping.bai', '62736888', '白萍', '成都办公室-财务部', 1, '', '', '', '手机号: \r\n分机号:6888 \r\n传真:028-86202311*2242 \r\n品牌类型:肯德基 \r\n'),
('qi.yao', '63179918', '姚琦', '昆明办公室-肯德基营运部', 1, '', '', '', '手机号:13308235007 \r\n分机号: \r\n传真:0871-63171708 \r\n品牌类型:肯德基 \r\n'),
('qian.yu', '62736875', '余茜', '成都办公室-财务部', 1, '', '', '', '手机号: \r\n分机号:6875 \r\n传真:028-86202311*2242 \r\n品牌类型:肯德基 \r\n'),
('qiang-cdu.wang', '63724061', '王强', '重庆办公室-品管部', 1, '', '', '', '手机号:13908360011 \r\n分机号:213 \r\n传真:023-63030440 \r\n品牌类型:肯德基 \r\n'),
('qiang.zeng', '', '曾强', '成都办公室-肯德基营运部', 1, '', '', '', '手机号:18608175437 \r\n分机号: \r\n传真: \r\n品牌类型:肯德基 \r\n'),
('qinguo.zhong', '63724061', '钟琴国', '重庆办公室-肯德基营运部', 1, '', '', '', '手机号:18696706622 \r\n分机号: \r\n传真:023-63030440 \r\n品牌类型:肯德基 \r\n'),
('qingyi.tang', '62736817', '唐庆逸', '成都办公室-市场训练部', 1, '', '', '', '手机号:13708198642 \r\n分机号:6817 \r\n传真:028-86202311*2294 \r\n品牌类型:肯德基 \r\n'),
('qinlou.tang', '63179918', '汤勤楼', '昆明办公室-公共事务部', 1, '', '', '', '手机号:18687184800 \r\n分机号:216 \r\n传真:0871-63171708 \r\n品牌类型:肯德基 \r\n'),
('qinxia.tu', '62736579', '涂秦霞', '成都办公室-开发部', 1, '', '', '', '手机号:18628199086 \r\n分机号:6579 \r\n传真:028-86202311*3491 \r\n品牌类型:肯德基 \r\n'),
('rainy.yu', '', '余婷', '成都办公室-必胜客营运部', 1, '', '', '', '手机号:18602871633 \r\n分机号: \r\n传真:028-86202311*2287 \r\n品牌类型:必胜客 \r\n'),
('rebecca.gao', '62736772', '高峰', '成都办公室-公共事物部', 1, '', '', '', '手机号:13094477725 \r\n分机号:6772 \r\n传真:028-86202311*2143 \r\n品牌类型:肯德基 \r\n'),
('rebecca.shi', '62736775', '史丽琼', '成都办公室-公共事物部', 1, '', '', '', '手机号:18602887974 \r\n分机号:6775 \r\n传真:028-86202311*2143 \r\n品牌类型:肯德基 \r\n'),
('renlong.yuan', '62736855', '袁仁龙', '成都办公室-市场经理室', 1, '', '', '', '手机号:15008260109 \r\n分机号:6855 \r\n传真:028-86202311 *2121 \r\n品牌类型:肯德基 \r\n'),
('roc.liu', '0851-85289928', '刘鹏', '贵阳办公室-GZ-OPS', 1, '', '', '', '手机号:13885047918 \r\n分机号:200 \r\n传真:028-86202311-0851 \r\n品牌类型:肯德基 \r\n'),
('rongfeng.zhang', '62736649', '张荣峰', '成都办公室-营建设施部', 1, '', '', '', '手机号:13881843003 \r\n分机号:6649 \r\n传真:028-86202311*3426 \r\n品牌类型:肯德基 \r\n'),
('ruiyan.liu', '62736826', '刘瑞燕', '成都办公室-人力资源部', 1, '', '', '', '手机号: \r\n分机号:6826 \r\n传真:028-86202311*3450 \r\n品牌类型:肯德基 \r\n'),
('sabrina.liu', '62736771', '刘晶', '成都办公室-公共事物部', 1, '', '', '', '手机号:18628175366 \r\n分机号:6771 \r\n传真:028-86202311*2143 \r\n品牌类型:肯德基 \r\n'),
('sammi.zhou', '', '周晓霞', '成都办公室-肯德基营运部', 1, '', '', '', '手机号:18628033655 \r\n分机号: \r\n传真: \r\n品牌类型:肯德基 \r\n'),
('shan.chen', '62736655', '陈珊', '成都办公室-营建设施部', 1, '', '', '', '手机号: \r\n分机号:6655 \r\n传真:028-86202311*3426 \r\n品牌类型:肯德基 \r\n'),
('shan.huo', '63724061', '霍珊', '重庆办公室-必胜客营运部', 1, '', '', '', '手机号:18580040421 \r\n分机号:231 \r\n传真:023-63030440 \r\n品牌类型:必胜客 \r\n'),
('sharon.cao', '63179918', '曹炜云', '昆明办公室-必胜客营运部', 1, '', '', '', '手机号:13888325825 \r\n分机号: \r\n传真:0871-63171708 \r\n品牌类型:必胜客 \r\n'),
('sharon.chen', '62736777', '陈娟', '成都办公室-公共事物部', 1, '', '', '', '手机号:18615700076 \r\n分机号:6777 \r\n传真:028-86202311*2143 \r\n品牌类型:肯德基 \r\n'),
('sheng.du', '62736815', '杜盛', '成都办公室-市场训练部', 1, '', '', '', '手机号:13880760902 \r\n分机号:6815 \r\n传真:028-86202311*2294 \r\n品牌类型:肯德基 \r\n'),
('shirly.huang', '63724061', '黄茂', '重庆办公室-必胜客营运部', 1, '', '', '', '手机号:18502217190 \r\n分机号:230 \r\n传真:023-63030440 \r\n品牌类型:必胜客 \r\n'),
('simon.liu', '62736533', '刘平坤', '成都办公室-肯德基营运部', 1, '', '', '', '手机号:18628021969 \r\n分机号:6533 \r\n传真: \r\n品牌类型:肯德基 \r\n'),
('sky.zhang', '62736818', '张宇', '成都办公室-市场训练部', 1, '', '', '', '手机号:18696709191 \r\n分机号:6818 \r\n传真:028-86202311*2294 \r\n品牌类型:肯德基 \r\n'),
('susan.zeng', '62736667', '曾媛静', '成都办公室-市场经理室', 1, '', '', '', '手机号:13880482909 \r\n分机号:6667 \r\n传真:028-86202311 *2121 \r\n品牌类型:肯德基 \r\n'),
('taiqi.ma', '62736833', '马泰旗', '成都办公室-人力资源部', 1, '', '', '', '手机号:13980579680 \r\n分机号:6833 \r\n传真:028-86202311*3450 \r\n品牌类型:肯德基 \r\n'),
('tao-cdu.li', '63179918', '李涛', '昆明办公室-品管部', 1, '', '', '', '手机号:15928061069 \r\n分机号: \r\n传真:0871-63171708 \r\n品牌类型:肯德基 \r\n'),
('tao.zhang', '', '张韬', '贵阳办公室-营建设施部', 1, '', '', '', '手机号:18685119570 \r\n分机号:262 \r\n传真: \r\n品牌类型:肯德基 \r\n'),
('tao.zhou', '62736573', '周涛', '成都办公室-开发部', 1, '', '', '', '手机号:13880103182 \r\n分机号:6573 \r\n传真:028-86202311*3491 \r\n品牌类型:肯德基 \r\n'),
('tianjing.ma', '62736730', '马天晶', '成都办公室-品管部', 1, '', '', '', '手机号:18628285559 \r\n分机号:6730 \r\n传真:028-86202311*3542 \r\n品牌类型:肯德基 \r\n'),
('tiantian.li', '62736832', '李甜甜', '成都办公室-人力资源部', 1, '', '', '', '手机号: \r\n分机号:6832 \r\n传真:028-86202311*3450 \r\n品牌类型:肯德基 \r\n'),
('tianxiang.chen', '63724061', '陈天相', '重庆办公室-人力资源部', 1, '', '', '', '手机号:18696683655 \r\n分机号:211 \r\n传真:023-63030440 \r\n品牌类型:肯德基 \r\n'),
('tina-cdu.zhang', '62736577', '张哲', '成都办公室-开发部', 1, '', '', '', '手机号:13980992462 \r\n分机号:6577 \r\n传真:028-86202311*3491 \r\n品牌类型:肯德基 \r\n'),
('tina.yang', '63179918', '杨慧超', '昆明办公室-必胜客营运部', 1, '', '', '', '手机号:13577012521 \r\n分机号: \r\n传真:0871-63171708 \r\n品牌类型:必胜客 \r\n'),
('tingting.huang', '63179918', '黄婷婷', '昆明办公室-肯德基营运部', 1, '', '', '', '手机号:17702388870 \r\n分机号:205 \r\n传真:0871-63171708 \r\n品牌类型:肯德基 \r\n'),
('tom.yan', '63724061', '严大鹏', '重庆办公室-必胜客营运部', 1, '', '', '', '手机号:13996207132 \r\n分机号: \r\n传真:023-63030440 \r\n品牌类型:必胜客 \r\n'),
('tony-cdu.liu', '62736677', '刘语星', '成都办公室-营建设施部', 1, '', '', '', '手机号:13880777507 \r\n分机号:6677 \r\n传真:028-86202311*3426 \r\n品牌类型:肯德基 \r\n'),
('tony.chen', '62736690', '陈凯', '成都办公室-必胜客企划部', 1, '', '', '', '手机号:18108082575 \r\n分机号:6690 \r\n传真:028-86202311*2287 \r\n品牌类型:必胜客 \r\n'),
('valenica.zeng', '62736769', '曾鸣', '成都办公室-公共事物部', 1, '', '', '', '手机号:13880676981 \r\n分机号:6769 \r\n传真:028-86202311*2143 \r\n品牌类型:肯德基 \r\n'),
('veronica.liao', '63724061', '廖媛', '重庆办公室-公共事务部', 1, '', '', '', '手机号:13399887378 \r\n分机号:223 \r\n传真:023-63030440 \r\n品牌类型:肯德基 \r\n'),
('wanying.liu', '62736863', '刘婉颖', '成都办公室-肯德基营运部', 1, '', '', '', '手机号:13982012345 \r\n分机号:6863 \r\n传真: \r\n品牌类型:肯德基 \r\n'),
('wei-cdu.tian', '62736809', '田伟', '成都办公室-资讯技术部', 1, '', '', '', '手机号: \r\n分机号:6809 \r\n传真:028-86202311*2330 \r\n品牌类型:肯德基 \r\n'),
('wei-kmn.wang', '63179918', '王伟', '昆明办公室-营建设施部', 1, '', '', '', '手机号:18788521168 \r\n分机号:228 \r\n传真:0871-63171708 \r\n品牌类型:肯德基 \r\n'),
('wei.ao', '62736647', '敖威', '成都办公室-营建设施部', 1, '', '', '', '手机号:15680730690 \r\n分机号:6647 \r\n传真:028-86202311*3426 \r\n品牌类型:肯德基 \r\n'),
('wei.zhang-cdu', '62736891', '张薇', '成都办公室-财务部', 1, '', '', '', '手机号: \r\n分机号:6891 \r\n传真:028-86202311*2242 \r\n品牌类型:肯德基 \r\n'),
('weifeng.shu', '63724061', '舒维风', '重庆办公室-肯德基营运部', 1, '', '', '', '手机号:18696596686 \r\n分机号: \r\n传真:023-63030440 \r\n品牌类型:肯德基 \r\n'),
('weiping.liu', '0851-85289928', '刘维萍', '贵阳办公室-(肯德基)区经理', 1, '', '', '', '手机号: \r\n分机号:205 \r\n传真:028-86202311-0851 \r\n品牌类型:肯德基 \r\n'),
('weiwei.zhao', '', '赵唯唯', '成都办公室-肯德基营运部', 1, '', '', '', '手机号:13982161044 \r\n分机号: \r\n传真: \r\n品牌类型:肯德基 \r\n'),
('wenfei.liu', '0851-85289928', '刘文飞', '贵阳办公室-营建设施部', 1, '', '', '', '手机号:15885617191 \r\n分机号:260 \r\n传真: \r\n品牌类型:肯德基 \r\n'),
('wenshu.chen', '63179918', '殳成文', '昆明办公室-营建设施部', 1, '', '', '', '手机号:18788198594 \r\n分机号: \r\n传真:0871-63171708 \r\n品牌类型:肯德基 \r\n'),
('wenying.su', '', '苏文颖', '成都办公室-肯德基营运部', 1, '', '', '', '手机号:18628078855 \r\n分机号: \r\n传真: \r\n品牌类型:肯德基 \r\n'),
('wh1504', '0871-67286891/67128796', '沈云瑞', '昆明', 2, '螺蛳湾', 'WH1504', '沈云瑞', '地址:昆明官渡区宏仁片区昆明螺蛳湾商贸城二期2号楼 \r\n邮编:650200 \r\n开店日期:14.7.19 \r\n二次开店日: \r\n区经理:马钰屏 \r\n营运经理:何建刚 \r\n业务形态1: \r\n业务形态2: \r\n业务形态3: \r\n品牌分类:必胜客 \r\n'),
('wh1505', '0871-67198134/63335229', '王丽蓉', '昆明', 2, '官南', 'WH1505', '王丽蓉', '地址:昆明市官渡区官南大道中段（康乐茶城北侧）大润发1楼 \r\n邮编:650200 \r\n开店日期:13.12.28 \r\n二次开店日: \r\n区经理:马钰屏 \r\n营运经理:何建刚 \r\n业务形态1: \r\n业务形态2: \r\n业务形态3: \r\n品牌分类:必胜客 \r\n'),
('wh1506', '028-85011558/028-85019668', '陈静', '成都市', 2, '簇桥', 'WH1506', '陈静', '地址:成都市武侯区簇锦北路138号一层 \r\n邮编:610000 \r\n开店日期:14.01.25 \r\n二次开店日: \r\n区经理:张媛媛 \r\n营运经理:许燕 \r\n业务形态1: \r\n业务形态2: \r\n业务形态3: \r\n品牌分类:必胜客 \r\n'),
('wh1514', '028-23036926（办公室）', '杨利铭', '资阳', 2, '资阳餐厅', 'WH1514', '杨利铭', '地址:四川省资阳市雁江区建设西路摩根时代 \r\n邮编:610000 \r\n开店日期:14.04.04 \r\n二次开店日: \r\n区经理:易晓苑 \r\n营运经理:许燕 \r\n业务形态1: \r\n业务形态2: \r\n业务形态3: \r\n品牌分类:必胜客 \r\n'),
('wh1515', '028-8424807065782546', '李海林', '成都', 2, '世豪广场', 'WH1515', '李海林', '地址:成都市高新区剑南大道花荫路口（伊藤洋华堂高新店旁） \r\n邮编:610000 \r\n开店日期:14.06.19 \r\n二次开店日: \r\n区经理:王瑛 \r\n营运经理:许燕 \r\n业务形态1: \r\n业务形态2: \r\n业务形态3: \r\n品牌分类:必胜客 \r\n'),
('wh1520', '023-67853081/67853091', '犹雷巧', '重庆', 2, '新茂业', 'WH1520', '犹雷巧', '地址:重庆江北区建新北路52号茂业百货一层至二层 \r\n邮编:400000 \r\n开店日期:05.06.01 \r\n二次开店日:14.8.7 \r\n区经理:张晓凌 \r\n营运经理:黄茂 \r\n业务形态1: \r\n业务形态2: \r\n业务形态3: \r\n品牌分类:必胜客 \r\n'),
('wh1528', '0817-2999799/0817-2999766', '兰杰', '南充', 2, '南充滨江', 'WH1528', '兰杰', '地址:四川省南充市红光路86号1层 \r\n邮编:63700 \r\n开店日期:14.9.18 \r\n二次开店日: \r\n区经理:张楠捷 \r\n营运经理:黄茂 \r\n业务形态1: \r\n业务形态2: \r\n业务形态3: \r\n品牌分类:必胜客 \r\n'),
('wh1529', '15887136268', '杨丽娟（代）', '文山市', 2, '东风路', 'WH1529', '杨丽娟（代）', '地址:文山市东风路北侧二组团光大商业步行街1-2层 \r\n邮编:663000 \r\n开店日期:12.9 \r\n二次开店日: \r\n区经理:杨慧超 \r\n营运经理:何建刚 \r\n业务形态1: \r\n业务形态2: \r\n业务形态3: \r\n品牌分类:必胜客 \r\n'),
('wh1530', '0871-63620676/63619258', '杜苗', '昆明', 2, '前兴路万达', 'WH1530', '杜苗', '地址:昆明市西山区前兴路万达广场1楼 \r\n邮编:655001 \r\n开店日期:14.10.30 \r\n二次开店日: \r\n区经理:曹炜云 \r\n营运经理:何建刚 \r\n业务形态1: \r\n业务形态2: \r\n业务形态3: \r\n品牌分类:必胜客 \r\n'),
('wh1532', '023-68067926/68067927/13638353082', '朱洋', '重庆', 2, '重庆万象城餐厅', 'WH1532', '朱洋', '地址:重庆市九龙坡区华润中心万象城LG层 \r\n邮编:400000 \r\n开店日期:14.09.19 \r\n二次开店日: \r\n区经理:李丽霞 \r\n营运经理:黄茂 \r\n业务形态1: \r\n业务形态2: \r\n业务形态3: \r\n品牌分类:必胜客 \r\n'),
('wh1533', '028-86668189', '温俊禹', '成都', 2, '新总府', 'WH1533', '温俊禹', '地址:成都市总府路6号(王府井百货对面)必胜客总府餐厅 \r\n邮编:610000 \r\n开店日期:00.09.22 \r\n二次开店日:10.01.23 \r\n区经理:刘倩 \r\n营运经理:何建刚 \r\n业务形态1: \r\n业务形态2: \r\n业务形态3: \r\n品牌分类:必胜客 \r\n'),
('wh1544', '0871-67209186/67212186', '张志敏', '昆明', 2, '世纪城', 'WH1544', '张志敏', '地址:昆明市官渡区彩云北路世纪城金源购物中心一层 \r\n邮编:650200 \r\n开店日期:14.12.26 \r\n二次开店日: \r\n区经理:杨慧超 \r\n营运经理:何建刚 \r\n业务形态1: \r\n业务形态2: \r\n业务形态3: \r\n品牌分类:必胜客 \r\n'),
('wh1546', '028—38781816', '杨硕', '眉山', 2, '环湖餐厅', 'WH1546', '杨硕', '地址:眉山市东坡区环湖东路100号大润发一楼 \r\n邮编:62000 \r\n开店日期:14.12.27 \r\n二次开店日: \r\n区经理:易晓苑 \r\n营运经理:许燕 \r\n业务形态1: \r\n业务形态2: \r\n业务形态3: \r\n品牌分类:必胜客 \r\n'),
('wh1548', '0832—2251548/2251547', '王灵芝', '内江', 2, '汉安大道', 'WH1548', '王灵芝', '地址:四川内江东兴区汉安大道89中部北京联华购物中心一楼 \r\n邮编:641000 \r\n开店日期:14.12.31 \r\n二次开店日: \r\n区经理:李丽霞 \r\n营运经理:黄茂 \r\n业务形态1: \r\n业务形态2: \r\n业务形态3: \r\n品牌分类:必胜客 \r\n'),
('wh1551', '0851-83936851/83936651', '陈建', '贵阳', 2, '鸿通城', 'WH1551', '陈建', '地址:贵阳南明区解放路100号鸿通城购物中心一、二层 \r\n邮编:550000 \r\n开店日期:15.02.09 \r\n二次开店日: \r\n区经理:蔡玉娟 \r\n营运经理:许燕 \r\n业务形态1: \r\n业务形态2: \r\n业务形态3: \r\n品牌分类:必胜客 \r\n'),
('wh1560', '0839-3990345', '屈敏', '广元', 2, '广元万达', 'WH1560', '屈敏', '地址:四川省广元市利州区万达广场一楼 \r\n邮编:610000 \r\n开店日期:15.6.5 \r\n二次开店日: \r\n区经理:陈娟 \r\n营运经理:许燕 \r\n业务形态1: \r\n业务形态2: \r\n业务形态3: \r\n品牌分类:必胜客 \r\n'),
('wh1561', '15011296304', '曾灿', '内江', 2, '内江万达', 'WH1561', '曾灿', '地址:内江市东兴区汉安大道内江万达广场 \r\n邮编: \r\n开店日期:15.06.26 \r\n二次开店日: \r\n区经理:李丽霞 \r\n营运经理:黄茂 \r\n业务形态1: \r\n业务形态2: \r\n业务形态3: \r\n品牌分类:必胜客 \r\n'),
('whn1512', '0851-85624762/85628929', '李青', '贵阳', 2, '亨特', 'WHN1512', '李青', '地址:贵阳市文昌路33号1-2层 \r\n邮编:550000 \r\n开店日期:14.5.30 \r\n二次开店日: \r\n区经理:余婷 \r\n营运经理:许燕 \r\n业务形态1: \r\n业务形态2: \r\n业务形态3: \r\n品牌分类:必胜客 \r\n'),
('whn507', '028-86721191/1193', '白章林', '成都', 2, '盐市口', 'WHN507', '白章林', '地址:成都市锦江区梨花街9号北京华联商厦一楼 \r\n邮编:610017 \r\n开店日期:03.03.05 \r\n二次开店日:15.06.15 \r\n区经理:张诗洋 \r\n营运经理:何建刚 \r\n业务形态1: \r\n业务形态2: \r\n业务形态3: \r\n品牌分类:必胜客 \r\n'),
('whn513', '023-65415071/65404732', '吕花蕾', '重庆', 2, '三峡', 'WHN513', '吕花蕾', '地址:重庆市沙坪坝区小龙坎新街29号 \r\n邮编:400030 \r\n开店日期:04.07.06 \r\n二次开店日:11.05.12 \r\n区经理:严大鹏 \r\n营运经理:黄茂 \r\n业务形态1: \r\n业务形态2: \r\n业务形态3: \r\n品牌分类:必胜客 \r\n'),
('whn519', '023-63703067/63703065', '陈凡', '重庆', 2, '民族', 'WHN519', '陈凡', '地址:重庆渝中区民族路166号王府井百货一层 \r\n邮编:400000 \r\n开店日期:12.04.09 \r\n二次开店日: \r\n区经理:张楠婕 \r\n营运经理:黄茂 \r\n业务形态1: \r\n业务形态2: \r\n业务形态3: \r\n品牌分类:必胜客 \r\n'),
('whn520', '023-68052893 / 68052903', '樊倩', '重庆', 2, '斌鑫', 'WHN520', '樊倩', '地址:重庆市杨家坪区斌鑫世纪城裙楼1-2楼 \r\n邮编:400000 \r\n开店日期:05.08.12 \r\n二次开店日: \r\n区经理:李丽霞 \r\n营运经理:黄茂 \r\n业务形态1: \r\n业务形态2: \r\n业务形态3: \r\n品牌分类:必胜客 \r\n'),
('whn522', '0851-86813633/86813468', '李雯', '贵阳', 2, '国贸', 'WHN522', '李雯', '地址:贵阳市中华北路3号国贸广场一楼 \r\n邮编:550000 \r\n开店日期:05.09.28 \r\n二次开店日: \r\n区经理:余婷 \r\n营运经理:许燕 \r\n业务形态1: \r\n业务形态2: \r\n业务形态3: \r\n品牌分类:必胜客 \r\n'),
('whn524', '028-86770349/86770351', '何勇', '成都', 2, '骡马市', 'WHN524', '何勇', '地址:成都市青龙街51号倍特康派大厦1楼 \r\n邮编:610000 \r\n开店日期:10.8.8 \r\n二次开店日: \r\n区经理:李云景 \r\n营运经理:邓璐璐 \r\n业务形态1: \r\n业务形态2:宅急送 \r\n业务形态3: \r\n品牌分类:必胜宅急送 \r\n'),
('whn527', '028-87627153/0573', '赵佩', '成都', 2, '交大', 'WHN527', '赵佩', '地址:成都市金牛区交大路183号嘉信茂广场1-2F \r\n邮编:610000 \r\n开店日期:06.09.28 \r\n二次开店日: \r\n区经理:刘科秀 \r\n营运经理:何建刚 \r\n业务形态1: \r\n业务形态2: \r\n业务形态3: \r\n品牌分类:必胜客 \r\n'),
('whn533', '0851-88176169/88176168', '汪燕', '贵阳', 2, '大西门', 'WHN533', '汪燕', '地址:贵阳市大西门中山西路恒峰步行广场1-10号（星力百货旁） \r\n邮编:550000 \r\n开店日期:08.12.22 \r\n二次开店日: \r\n区经理:余婷 \r\n营运经理:许燕 \r\n业务形态1: \r\n业务形态2: \r\n业务形态3: \r\n品牌分类:必胜客 \r\n'),
('whn534', '028-66322970', '刘芮', '成都', 2, '站华', 'WHN534', '刘芮', '地址:成都市高新区站华路9号 \r\n邮编:610000 \r\n开店日期:07.11.09 \r\n二次开店日: \r\n区经理:张媛媛 \r\n营运经理:许燕 \r\n业务形态1: \r\n业务形态2: \r\n业务形态3: \r\n品牌分类:必胜客 \r\n'),
('whn535', '028-86285706/86285690', '张凯楠', '成都', 2, '锦都', 'WHN535', '张凯楠', '地址:成都市青羊区通惠门路3号 \r\n邮编:610000 \r\n开店日期:07.12.31 \r\n二次开店日:14.11.26 \r\n区经理:易晓苑 \r\n营运经理:许燕 \r\n业务形态1: \r\n业务形态2: \r\n业务形态3: \r\n品牌分类:必胜客 \r\n'),
('whn539', '028-81712061/81712062', '田芮菡', '成都', 2, '新光华', 'WHN539', '田芮菡', '地址:成都市青羊区光华村街10号大地新光华广场 \r\n邮编:610000 \r\n开店日期:07.11.21 \r\n二次开店日: \r\n区经理:李云 \r\n营运经理:黄茂 \r\n业务形态1: \r\n业务形态2: \r\n业务形态3: \r\n品牌分类:必胜客 \r\n'),
('whn540', '028-84191571/84191572', '刘萍', '成都', 2, '锦华', 'WHN540', '刘萍', '地址:成都市锦江区锦华路一段8号 \r\n邮编:610000 \r\n开店日期:07.12.22 \r\n二次开店日: \r\n区经理:刘倩 \r\n营运经理:何建刚 \r\n业务形态1: \r\n业务形态2: \r\n业务形态3: \r\n品牌分类:必胜客 \r\n'),
('whn547', '0812-3502288', '袁晟', '攀枝花', 2, '新华', 'WHN547', '袁晟', '地址:攀枝花市新华街世贸中心大楼1.2.3层 \r\n邮编:617000 \r\n开店日期:09.11.14 \r\n二次开店日: \r\n区经理:刘科秀 \r\n营运经理:何建刚 \r\n业务形态1: \r\n业务形态2: \r\n业务形态3: \r\n品牌分类:必胜客 \r\n'),
('whn548', '0871-65732755/911', '杨淑镁', '昆明', 2, '北辰', 'WHN548', '杨淑镁', '地址:昆明市盘龙区北京路延长线23号北辰财富中心A幢一楼104-107 \r\n邮编:655000 \r\n开店日期:08.05.22 \r\n二次开店日:15.04.28 \r\n区经理:杨慧超 \r\n营运经理:何建刚 \r\n业务形态1: \r\n业务形态2: \r\n业务形态3: \r\n品牌分类:必胜客 \r\n'),
('whn549', '028-84313392/84312600', '罗格', '成都', 2, '建设', 'WHN549', '罗格', '地址:成都市建设路1号，与二环路交界（金域南湾1-2层） \r\n邮编:610000 \r\n开店日期:10.8.1 \r\n二次开店日: \r\n区经理:李云景 \r\n营运经理:邓璐璐 \r\n业务形态1: \r\n业务形态2:宅急送 \r\n业务形态3: \r\n品牌分类:必胜宅急送 \r\n'),
('whn550', '0871-65731669/65732300', '王丽', '昆明', 2, '白云', 'WHN550', '王丽', '地址:昆明市北京路1035号金苑商厦白云家乐福1楼 \r\n邮编:655000 \r\n开店日期:08.05.22 \r\n二次开店日: \r\n区经理:杨慧超 \r\n营运经理:何建刚 \r\n业务形态1: \r\n业务形态2: \r\n业务形态3: \r\n品牌分类:必胜客 \r\n'),
('whn551', '028-87012750/3560', '赵庆华', '成都', 2, '逸都', 'WHN551', '赵庆华', '地址:成都市二环路西二段同辉国际购物广场C幢2楼 \r\n邮编:610000 \r\n开店日期:08.08.02 \r\n二次开店日: \r\n区经理:李云 \r\n营运经理:黄茂 \r\n业务形态1: \r\n业务形态2: \r\n业务形态3: \r\n品牌分类:必胜客 \r\n'),
('whn552', '023-67868232/8182/8183', '陈为峰', '重庆', 2, '观音桥', 'WHN552', '陈为峰', '地址:重庆市江北区观音桥渝北二村一支路六号英利大厦二楼 \r\n邮编:400000 \r\n开店日期:08.07.04 \r\n二次开店日: \r\n区经理:张晓凌 \r\n营运经理:黄茂 \r\n业务形态1: \r\n业务形态2: \r\n业务形态3: \r\n品牌分类:必胜客 \r\n'),
('whn553', '0816-7016955/956', '郭川', '绵阳', 2, '涪城', 'WHN553', '郭川', '地址:绵阳市涪城北路梅西百货1F \r\n邮编:621000 \r\n开店日期:08.10.28 \r\n二次开店日: \r\n区经理:陈娟 \r\n营运经理:许燕 \r\n业务形态1: \r\n业务形态2: \r\n业务形态3: \r\n品牌分类:必胜客 \r\n'),
('whn554', '0874-3290001/3290008', '李丹琴', '曲靖', 2, '阿诗玛', 'WHN554', '李丹琴', '地址:曲靖市交通路与麒麟路北路交汇处麒麟商业广场 \r\n邮编:650000 \r\n开店日期:09.03.08 \r\n二次开店日: \r\n区经理:马钰屏 \r\n营运经理:何建刚 \r\n业务形态1: \r\n业务形态2: \r\n业务形态3: \r\n品牌分类:必胜客 \r\n'),
('whn556', '028-87571912', '古洋', '成都', 2, '蜀汉', 'WHN556', '古洋', '地址:成都市蜀汉路89号花好月圆1-1-2 \r\n邮编:610000 \r\n开店日期:08.11.16 \r\n二次开店日: \r\n区经理:易晓苑 \r\n营运经理:许燕 \r\n业务形态1: \r\n业务形态2: \r\n业务形态3: \r\n品牌分类:必胜客 \r\n'),
('whn557', '028-61898206/61898205', '黄魏', '成都', 2, '华侨城', 'WHN557', '黄魏', '地址:成都市沙西线1号华桥洞城广场欢乐谷 \r\n邮编:610000 \r\n开店日期:09.01.17 \r\n二次开店日: \r\n区经理:刘科秀 \r\n营运经理:何建刚 \r\n业务形态1: \r\n业务形态2: \r\n业务形态3: \r\n品牌分类:必胜客 \r\n'),
('whn558', '0871-68369231/68369230', '孔垂忍', '昆明', 2, '正义路', 'WHN558', '孔垂忍', '地址:昆明市人民中路55号 \r\n邮编:655001 \r\n开店日期:09.10.28 \r\n二次开店日: \r\n区经理:马钰屏 \r\n营运经理:何建刚 \r\n业务形态1: \r\n业务形态2: \r\n业务形态3: \r\n品牌分类:必胜客 \r\n'),
('whn559', '028-86736397/86736395', '成林', '成都', 2, '蜀都', 'WHN559', '成林', '地址:成都市总府路18号柏丽丝汀城市酒店二楼 \r\n邮编:610000 \r\n开店日期:09.07.01 \r\n二次开店日: \r\n区经理:刘倩 \r\n营运经理:何建刚 \r\n业务形态1: \r\n业务形态2: \r\n业务形态3: \r\n品牌分类:必胜客 \r\n');
INSERT INTO `bs_admin` (`username`, `tel`, `name`, `dep_name`, `type`, `ct_name`, `dh_name`, `ct_boss`, `desc`) VALUES
('whn560', '023-62626560/62626500', '吴苏兰', '重庆', 2, '上海城', 'WHN560', '吴苏兰', '地址:重庆市南岸区南坪西路上海城一层 \r\n邮编:617000 \r\n开店日期:10.01.06 \r\n二次开店日: \r\n区经理:张楠捷 \r\n营运经理:黄茂 \r\n业务形态1: \r\n业务形态2: \r\n业务形态3: \r\n品牌分类:必胜客 \r\n'),
('whn561', '0888-5108908/09', '沈瑞英', '丽江', 2, '古城', 'WHN561', '沈瑞英', '地址:丽江市大研古镇新义街积善巷84号（玉河广场） \r\n邮编:674100 \r\n开店日期:10.09.29 \r\n二次开店日: \r\n区经理:曹炜云 \r\n营运经理:何建刚 \r\n业务形态1: \r\n业务形态2: \r\n业务形态3: \r\n品牌分类:必胜客 \r\n'),
('whn562', '028-61283022/39', '张川（代）', '成都', 2, '府青', 'WHN562', '张川（代）', '地址:成华区府青路二段2号财富又一城一楼 \r\n邮编:610000 \r\n开店日期:10.11.16 \r\n二次开店日: \r\n区经理:张诗洋 \r\n营运经理:何建刚 \r\n业务形态1: \r\n业务形态2: \r\n业务形态3: \r\n品牌分类:必胜客 \r\n'),
('whn564', '028-85315117/85315716', '侯文杰', '成都', 2, '新科华', 'WHN564', '侯文杰', '地址:四川省成都市科华中路9号王府井百货一、二楼 \r\n邮编:610000 \r\n开店日期:11.12.24 \r\n二次开店日: \r\n区经理:张诗洋 \r\n营运经理:何建刚 \r\n业务形态1: \r\n业务形态2: \r\n业务形态3: \r\n品牌分类:必胜客 \r\n'),
('whn565', '0871-64645352', '廖迎菊', '昆明', 2, '新南亚', 'WHN565', '廖迎菊', '地址:云南省昆明市南亚风情园 \r\n邮编:655001 \r\n开店日期:11.12.13 \r\n二次开店日: \r\n区经理:曹炜云 \r\n营运经理:何建刚 \r\n业务形态1: \r\n业务形态2: \r\n业务形态3: \r\n品牌分类:必胜客 \r\n'),
('whn566', '0871-63162207/63120772', '阳春玲', '昆明', 2, '青年路', 'WHN566', '阳春玲', '地址:昆明市五华区青年路396号苏宁电器1楼 \r\n邮编:655001 \r\n开店日期:11.04.07 \r\n二次开店日: \r\n区经理:曹炜云 \r\n营运经理:何建刚 \r\n业务形态1: \r\n业务形态2: \r\n业务形态3: \r\n品牌分类:必胜客 \r\n'),
('whn572', '023-63722893/63822248', '王鹏', '重庆', 2, '八一路', 'WHN572', '王鹏', '地址:重庆市渝中区八一路181号二层 \r\n邮编:617000 \r\n开店日期:11.08.19 \r\n二次开店日: \r\n区经理:张楠捷 \r\n营运经理:黄茂 \r\n业务形态1: \r\n业务形态2: \r\n业务形态3: \r\n品牌分类:必胜客 \r\n'),
('whn573', '028-85312865/85316296', '李媛', '成都', 2, '新南天地', 'WHN573', '李媛', '地址:成都市高薪区天府大道北段8号苏宁广场一楼 \r\n邮编:610000 \r\n开店日期:11.09.30 \r\n二次开店日: \r\n区经理:张媛媛 \r\n营运经理:许燕 \r\n业务形态1: \r\n业务形态2: \r\n业务形态3: \r\n品牌分类:必胜客 \r\n'),
('whn577', '13550063089/85330359', '赖欣', '成都', 2, '软件园', 'WHN577', '赖欣', '地址:成都天府大道中段南站软件园3期财智立方二楼 \r\n邮编:610000 \r\n开店日期:11.12.31 \r\n二次开店日: \r\n区经理:王瑛 \r\n营运经理:许燕 \r\n业务形态1: \r\n业务形态2: \r\n业务形态3: \r\n品牌分类:必胜客 \r\n'),
('whn578', '0851-84725633/84774468', '薛方毅', '贵阳', 2, '金阳', 'WHN578', '薛方毅', '地址:贵阳市金阳新区金阳大道东侧1层、2层 \r\n邮编:550001 \r\n开店日期:11.10.21 \r\n二次开店日: \r\n区经理:余婷 \r\n营运经理:许燕 \r\n业务形态1: \r\n业务形态2: \r\n业务形态3: \r\n品牌分类:必胜客 \r\n'),
('whn580', '028-85207128/85207129', '吴玉婷', '成都', 2, '机场T2', 'WHN580', '吴玉婷', '地址:成都市双流县双流国际机场T2候机楼 \r\n邮编:610000 \r\n开店日期:12.07.28 \r\n二次开店日: \r\n区经理:刘倩 \r\n营运经理:何建刚 \r\n业务形态1: \r\n业务形态2: \r\n业务形态3: \r\n品牌分类:必胜客 \r\n'),
('whn587', '023-67115799/023-67115798', '杨彬', '重庆', 2, '北城天街', 'WHN587', '杨彬', '地址:重庆市江北区洋河路6、8号北城天街4号3层 \r\n邮编:617000 \r\n开店日期:12.01.01 \r\n二次开店日: \r\n区经理:张晓凌 \r\n营运经理:黄茂 \r\n业务形态1: \r\n业务形态2: \r\n业务形态3: \r\n品牌分类:必胜客 \r\n'),
('whn590', '0816-2341790', '何铭明', '绵阳', 2, '新世界', 'WHN590', '何铭明', '地址:绵阳市涪城区临圆路东段72号新益大厦一楼 \r\n邮编:621000 \r\n开店日期:12.01.21 \r\n二次开店日: \r\n区经理:陈娟 \r\n营运经理:许燕 \r\n业务形态1: \r\n业务形态2: \r\n业务形态3: \r\n品牌分类:必胜客 \r\n'),
('whn592', '028-84370865/75', '向丹', '成都', 2, '万象城', 'WHN592', '向丹', '地址:成都市成华区万年场万象城内 \r\n邮编:610000 \r\n开店日期:12.5.11 \r\n二次开店日: \r\n区经理:张诗洋 \r\n营运经理:何建刚 \r\n业务形态1: \r\n业务形态2: \r\n业务形态3: \r\n品牌分类:必胜客 \r\n'),
('whn594', '028-85066184(外场)028-85066457 （办公室）', '陈雪璟', '成都', 2, '莱蒙', 'WHN594', '陈雪璟', '地址:成都市二环路南四段莱蒙广场4号楼 \r\n邮编:610000 \r\n开店日期:13.07.27 \r\n二次开店日: \r\n区经理:张媛媛 \r\n营运经理:许燕 \r\n业务形态1: \r\n业务形态2: \r\n业务形态3: \r\n品牌分类:必胜客 \r\n'),
('whn701', '028-81710539/81710612', '刘佳奇', '成都', 2, '家园', 'WHN701', '刘佳奇', '地址:成都市家园路32号大地新光华广场A2-1-1号房 \r\n邮编:610000 \r\n开店日期:11.7.13 \r\n二次开店日: \r\n区经理:李云景 \r\n营运经理:邓璐璐 \r\n业务形态1: \r\n业务形态2:宅急送 \r\n业务形态3: \r\n品牌分类:必胜宅急送 \r\n'),
('whn702', '028-86241070/86241007', '叶礼想', '成都', 2, '少城', 'WHN702', '叶礼想', '地址:成都市蜀都大道少城路11号一、二层 \r\n邮编:610000 \r\n开店日期:11.10.11 \r\n二次开店日: \r\n区经理:李云景 \r\n营运经理:邓璐璐 \r\n业务形态1: \r\n业务形态2:宅急送 \r\n业务形态3: \r\n品牌分类:必胜宅急送 \r\n'),
('whn704', '028-8506826/85066255', '边阳', '成都', 2, '莱蒙', 'WHN704', '边阳', '地址:成都市武侯区二环路南四段7号莱蒙都会 \r\n邮编:610000 \r\n开店日期:13.6.4 \r\n二次开店日: \r\n区经理:李云景 \r\n营运经理:邓璐璐 \r\n业务形态1: \r\n业务形态2:宅急送 \r\n业务形态3: \r\n品牌分类:必胜宅急送 \r\n'),
('whn705', '0731-89742360/89742370', '沈卫华', '长沙', 2, '黄兴北路', 'WHN705', '沈卫华', '地址:长沙市黄兴中路新大新大厦A栋1-2层 \r\n邮编:410005 \r\n开店日期:12.12.28 \r\n二次开店日: \r\n区经理:牟茜 \r\n营运经理:邓璐璐 \r\n业务形态1: \r\n业务形态2:宅急送 \r\n业务形态3: \r\n品牌分类:必胜宅急送 \r\n'),
('whn706', '0871-65884282', '孙雁斌', '昆明', 2, '霖雨', 'WHN706', '孙雁斌', '地址:昆明市北市区霖雨路嘉年华广场B座 \r\n邮编:650021 \r\n开店日期:12.12.30 \r\n二次开店日: \r\n区经理:李云景 \r\n营运经理:邓璐璐 \r\n业务形态1: \r\n业务形态2:宅急送 \r\n业务形态3: \r\n品牌分类:必胜宅急送 \r\n'),
('whn707', '027-88168857/86797761', '陈波（代）', '武汉', 2, '徐东', 'WHN707', '陈波（代）', '地址:武汉市洪山区徐东大街7号中商平价广场一楼 \r\n邮编:430070 \r\n开店日期:13.12.28 \r\n二次开店日: \r\n区经理:牟茜 \r\n营运经理:邓璐璐 \r\n业务形态1: \r\n业务形态2:宅急送 \r\n业务形态3: \r\n品牌分类:必胜宅急送 \r\n'),
('whn708', '0871-68263538/68231685', '俞爱萍', '昆明', 2, '经典双城', 'WHN708', '俞爱萍', '地址:茭菱路延长线1699号经典双城c座 \r\n邮编:650021 \r\n开店日期:13.12.30 \r\n二次开店日: \r\n区经理:李云景 \r\n营运经理:邓璐璐 \r\n业务形态1: \r\n业务形态2:宅急送 \r\n业务形态3: \r\n品牌分类:必胜宅急送 \r\n'),
('whn709', '028-87668720/87668751', '付春林', '成都', 2, '营门口', 'WHN709', '付春林', '地址:成都市金牛区二环路北一段2号鼎恒中心一层 \r\n邮编:610000 \r\n开店日期:14.1.21 \r\n二次开店日: \r\n区经理:李云景 \r\n营运经理:邓璐璐 \r\n业务形态1: \r\n业务形态2:宅急送 \r\n业务形态3: \r\n品牌分类:必胜宅急送 \r\n'),
('whn710', '027-85831257/85838187', '童文佩', '武汉', 2, '京汉大道', 'WHN710', '童文佩', '地址:武汉市江汉区东明巷与京汉大道交汇处 \r\n邮编:430000 \r\n开店日期:14.4.28 \r\n二次开店日: \r\n区经理:牟茜 \r\n营运经理:邓璐璐 \r\n业务形态1: \r\n业务形态2:宅急送 \r\n业务形态3: \r\n品牌分类:必胜宅急送 \r\n'),
('whn711', '028-82448143(调度台)028-85172463', '周旋', '成都', 2, '苏宁广场', 'WHN711', '周旋', '地址:成都市天府大道8号苏宁广场1楼 \r\n邮编:610000 \r\n开店日期:11.10.1 \r\n二次开店日:14.3.14 \r\n区经理:李云景 \r\n营运经理:邓璐璐 \r\n业务形态1: \r\n业务形态2:宅急送 \r\n业务形态3: \r\n品牌分类:必胜宅急送 \r\n'),
('whn712', '0731-88920590/88920580', '徐建平', '长沙', 2, '华晨', 'WHN712', '徐建平', '地址:长沙市万家丽路与长沙大道交汇处西南角 \r\n邮编:410000 \r\n开店日期:14.9.20 \r\n二次开店日: \r\n区经理:牟茜 \r\n营运经理:邓璐璐 \r\n业务形态1: \r\n业务形态2:宅急送 \r\n业务形态3: \r\n品牌分类:必胜宅急送 \r\n'),
('whn713', '028-87426656(调度台)62379243', '李倩茹', '成都', 2, '跳伞塔', 'WHN713', '李倩茹', '地址:成都市一环路南二段17号@世界资讯广场 \r\n邮编:610000 \r\n开店日期:14.11.16 \r\n二次开店日: \r\n区经理:李云景 \r\n营运经理:邓璐璐 \r\n业务形态1: \r\n业务形态2:宅急送 \r\n业务形态3: \r\n品牌分类:必胜宅急送 \r\n'),
('whn714', '027-87792150/86645540', '王运则', '武汉', 2, '曙光', 'WHN714', '王运则', '地址:武汉市洪山区民族大道与南湖大道交叉处曙光商贸城一楼 \r\n邮编:430070 \r\n开店日期:14.12.31 \r\n二次开店日: \r\n区经理:牟茜 \r\n营运经理:邓璐璐 \r\n业务形态1: \r\n业务形态2:宅急送 \r\n业务形态3: \r\n品牌分类:必胜宅急送 \r\n'),
('whn717', '13688108110', '罗格', '成都', 2, '九眼桥', 'WHN717', '罗格', '地址:成都市锦江区一环路东五段87号阳光兴业B1楼 \r\n邮编:610000 \r\n开店日期:15.6.15 \r\n二次开店日: \r\n区经理:李云景 \r\n营运经理:邓璐璐 \r\n业务形态1: \r\n业务形态2:宅急送 \r\n业务形态3: \r\n品牌分类:必胜宅急送 \r\n'),
('whn801', '0834-3283198', '陈智', '西昌', 2, '月城广场', 'WHN801', '陈智', '地址:四川省西昌市大巷口下街月城广场1层（615000） \r\n邮编:621000 \r\n开店日期:13.10.01 \r\n二次开店日: \r\n区经理:刘科秀 \r\n营运经理:何建刚 \r\n业务形态1: \r\n业务形态2: \r\n业务形态3: \r\n品牌分类:必胜客 \r\n'),
('whn805', '028-85154105/85157394', '甘剑新', '成都', 2, '奥克斯', 'WHN805', '甘剑新', '地址:成都高新区民丰大道奥克斯广场 \r\n邮编:610000 \r\n开店日期:13.01.01 \r\n二次开店日: \r\n区经理:王瑛 \r\n营运经理:许燕 \r\n业务形态1: \r\n业务形态2: \r\n业务形态3: \r\n品牌分类:必胜客 \r\n'),
('whn809', '028-85138770、028-85127860', '张云婷', '成都', 2, '中航九方', 'WHN809', '张云婷', '地址:成都市天府大道88号九方购物中心下沉式广场 \r\n邮编:610000 \r\n开店日期:12.09.20 \r\n二次开店日: \r\n区经理:张媛媛 \r\n营运经理:许燕 \r\n业务形态1: \r\n业务形态2: \r\n业务形态3: \r\n品牌分类:必胜客 \r\n'),
('whn811', '028-87017071', '杨琴婷', '成都', 2, '晋阳', 'WHN811', '杨琴婷', '地址:成都市武侯区晋阳路269号千盛百货一、二层 \r\n邮编:610000 \r\n开店日期:2012.9.28 \r\n二次开店日: \r\n区经理:李云 \r\n营运经理:黄茂 \r\n业务形态1: \r\n业务形态2: \r\n业务形态3: \r\n品牌分类:必胜客 \r\n'),
('whn812', '0816-2355546', '张智聪', '绵阳', 2, '涪城万达', 'WHN812', '张智聪', '地址:绵阳市涪城区金菊街万达广场2022B 2023A \r\n邮编:621000 \r\n开店日期:12.12.21 \r\n二次开店日: \r\n区经理:严大鹏 \r\n营运经理:许燕 \r\n业务形态1: \r\n业务形态2: \r\n业务形态3: \r\n品牌分类:必胜客 \r\n'),
('whn813', '023-68910320/68906335', '王旭', '重庆', 2, '大渡口松青路', 'WHN813', '王旭', '地址:重庆市大渡口区松青路新天泽广场1楼 \r\n邮编:400000 \r\n开店日期:11.08.19 \r\n二次开店日: \r\n区经理:李丽霞 \r\n营运经理:黄茂 \r\n业务形态1: \r\n业务形态2: \r\n业务形态3: \r\n品牌分类:必胜客 \r\n'),
('whn817', '028-61869215/61863895', '施佳言', '成都', 2, '光华优品', 'WHN817', '施佳言', '地址:成都市青羊大道99号35栋1层和2层 \r\n邮编:610000 \r\n开店日期:12.12.31 \r\n二次开店日: \r\n区经理:李云 \r\n营运经理:黄茂 \r\n业务形态1: \r\n业务形态2: \r\n业务形态3: \r\n品牌分类:必胜客 \r\n'),
('whn818', '028-83210659 /028-83210619', '邓小凤', '成都', 2, '金牛万达', 'WHN818', '邓小凤', '地址:成都市一环路与人民北路交界处金牛万达广场二楼 \r\n邮编:610000 \r\n开店日期:12.12.22 \r\n二次开店日: \r\n区经理:张诗洋 \r\n营运经理:何建刚 \r\n业务形态1: \r\n业务形态2: \r\n业务形态3: \r\n品牌分类:必胜客 \r\n'),
('whn822', '0851-85914457', '全春霖', '贵阳', 2, '花果园', 'WHN822', '全春霖', '地址:贵阳市南明区花果园大街1号花果园购物中心 \r\n邮编:550000 \r\n开店日期:13.12.31 \r\n二次开店日: \r\n区经理:蔡玉娟 \r\n营运经理:许燕 \r\n业务形态1: \r\n业务形态2: \r\n业务形态3: \r\n品牌分类:必胜客 \r\n'),
('whn827', '0851-27682172/27682379', '朱芹', '遵义', 2, '星力城', 'WHN827', '朱芹', '地址:遵义市万里路万里湘江C栋星力城1-2层 \r\n邮编:550001 \r\n开店日期:2013.2.6 \r\n二次开店日: \r\n区经理:蔡玉娟 \r\n营运经理:许燕 \r\n业务形态1: \r\n业务形态2: \r\n业务形态3: \r\n品牌分类:必胜客 \r\n'),
('whn828', '023-63015553/023-63015552', '宋庆龄', '重庆', 2, '金开', 'WHN828', '宋庆龄', '地址:重庆市北部新区金开大道70号星光天地一层1号 \r\n邮编:400000 \r\n开店日期:13.02.02 \r\n二次开店日: \r\n区经理:张晓凌 \r\n营运经理:黄茂 \r\n业务形态1: \r\n业务形态2: \r\n业务形态3: \r\n品牌分类:必胜客 \r\n'),
('whn832', '0691-3033139/3033138', '李思贤', '景洪', 2, '勐海路', 'WHN832', '李思贤', '地址:云南省景洪市勐海路4号滨港国际一楼 \r\n邮编:666100 \r\n开店日期:13.06.26 \r\n二次开店日: \r\n区经理:曹炜云 \r\n营运经理:何建刚 \r\n业务形态1: \r\n业务形态2: \r\n业务形态3: \r\n品牌分类:必胜客 \r\n'),
('whn834', '0838-2301580', '武文泽', '德阳', 2, '岷江西路', 'WHN834', '武文泽', '地址:四川省德阳市岷江西路550号凯旋国际A座1-2层 \r\n邮编:618000 \r\n开店日期:13.11.08 \r\n二次开店日: \r\n区经理:陈娟 \r\n营运经理:许燕 \r\n业务形态1: \r\n业务形态2: \r\n业务形态3: \r\n品牌分类:必胜客 \r\n'),
('whn835', '023-58871835', '邹莉', '万州', 2, '万达', 'WHN835', '邹莉', '地址:万州区北滨路滨水区四方井万达广场一楼（万州港对面） \r\n邮编:404100 \r\n开店日期:13.07.05 \r\n二次开店日: \r\n区经理:张楠婕 \r\n营运经理:黄茂 \r\n业务形态1: \r\n业务形态2: \r\n业务形态3: \r\n品牌分类:必胜客 \r\n'),
('whn837', '023-60369520', '胡园园', '重庆', 2, '财富中心', 'WHN837', '胡园园', '地址:重庆市渝北区洪湖东路1号重庆财富购物中心B1层 \r\n邮编:401120 \r\n开店日期:13.12.30 \r\n二次开店日: \r\n区经理:张晓凌 \r\n营运经理:黄茂 \r\n业务形态1: \r\n业务形态2: \r\n业务形态3: \r\n品牌分类:必胜客 \r\n'),
('whn838', '023-688099/68806299', '夏艳', '重庆', 2, '时代天街', 'WHN838', '夏艳', '地址:重庆渝中区石油路龙湖时代天街1号 \r\n邮编:400010 \r\n开店日期:13.10.01 \r\n二次开店日: \r\n区经理:严大鹏 \r\n营运经理:黄茂 \r\n业务形态1: \r\n业务形态2: \r\n业务形态3: \r\n品牌分类:必胜客 \r\n'),
('whn842', '0851-86653250', '胡庆荣', '贵阳', 2, '黔灵', 'WHN842', '胡庆荣', '地址:贵阳市北京路219号星力元隆广场A区1-2层 \r\n邮编:550000 \r\n开店日期:13.12.24 \r\n二次开店日: \r\n区经理:余婷 \r\n营运经理:许燕 \r\n业务形态1: \r\n业务形态2: \r\n业务形态3: \r\n品牌分类:必胜客 \r\n'),
('whn843', '0831-2339620', '宋莎莎（代）', '宜宾', 2, '莱茵春天', 'WHN843', '宋莎莎（代）', '地址:宜宾市航天路中段5号莱茵春天一层必胜客 \r\n邮编:644000 \r\n开店日期:13.12.25 \r\n二次开店日: \r\n区经理:严大鹏 \r\n营运经理:黄茂 \r\n业务形态1: \r\n业务形态2: \r\n业务形态3: \r\n品牌分类:必胜客 \r\n'),
('xi.zeng', '62736642', '曾西', '成都办公室-营建设施部', 1, '', '', '', '手机号:15982825095 \r\n分机号:6642 \r\n传真:028-86202311*3426 \r\n品牌类型:肯德基 \r\n'),
('xia.xiao', '', '肖霞', '成都办公室-肯德基营运部', 1, '', '', '', '手机号:13890082134 \r\n分机号: \r\n传真: \r\n品牌类型:肯德基 \r\n'),
('xianbo.liu', '', '刘先波', '成都办公室-肯德基营运部', 1, '', '', '', '手机号:18983149966 \r\n分机号: \r\n传真: \r\n品牌类型:肯德基 \r\n'),
('xianfeng.he', '62736678', '何险峰', '成都办公室-营建设施部', 1, '', '', '', '手机号: \r\n分机号:6678 \r\n传真:028-86202311*3426 \r\n品牌类型:肯德基 \r\n'),
('xiang.yi', '62736855', '易翔', '成都办公室-人力资源部', 1, '', '', '', '手机号:13980034633 \r\n分机号:6855 \r\n传真:028-86202311*3450 \r\n品牌类型:肯德基 \r\n'),
('xiangchun.zhao', '62736589', '赵湘春', '成都办公室-开发部', 1, '', '', '', '手机号:18628096111 \r\n分机号:6589 \r\n传真:028-86202311*3491 \r\n品牌类型:肯德基 \r\n'),
('xianjue.chen', '63724061', '陈先觉', '重庆办公室-肯德基营运部', 1, '', '', '', '手机号:18602342177 \r\n分机号: \r\n传真:023-63030440 \r\n品牌类型:肯德基 \r\n'),
('xianrong.wan', '62736881', '万先容', '成都办公室-财务部', 1, '', '', '', '手机号: \r\n分机号:6881 \r\n传真:028-86202311*2242 \r\n品牌类型:肯德基 \r\n'),
('xiaobo.fan', '63179918', '范晓博', '昆明办公室-人力资源部', 1, '', '', '', '手机号: \r\n分机号: \r\n传真:0871-63171708 \r\n品牌类型:肯德基 \r\n'),
('xiaocong.zhou', '63724061', '周小聪', '重庆办公室-营建设施部', 1, '', '', '', '手机号:15823111865 \r\n分机号:212 \r\n传真:023-63030440 \r\n品牌类型:肯德基 \r\n'),
('xiaodong.wu', '63179918', '吴晓东', '昆明办公室-肯德基营运部', 1, '', '', '', '手机号:18687417187 \r\n分机号: \r\n传真:0871-63171708 \r\n品牌类型:肯德基 \r\n'),
('xiaohui.xu', '62736696', '徐晓辉', '成都办公室-必胜客营运部', 1, '', '', '', '手机号: \r\n分机号:6696 \r\n传真:028-86202311*2287 \r\n品牌类型:必胜客 \r\n'),
('xiaojuan.luo', '62736861', '罗晓娟', '成都办公室-肯德基营运部', 1, '', '', '', '手机号: \r\n分机号:6861 \r\n传真: \r\n品牌类型:肯德基 \r\n'),
('xiaojun.dai', '62736828', '代晓君', '成都办公室-人力资源部', 1, '', '', '', '手机号: \r\n分机号:6828 \r\n传真:028-86202311*3450 \r\n品牌类型:肯德基 \r\n'),
('xiaolan.zhang', '62736576', '张晓岚', '成都办公室-开发部', 1, '', '', '', '手机号:13708055212 \r\n分机号:6576 \r\n传真:028-86202311*3491 \r\n品牌类型:肯德基 \r\n'),
('xiaoqiu.yang', '', '杨晓秋', '成都办公室-肯德基营运部', 1, '', '', '', '手机号:18628369818 \r\n分机号: \r\n传真: \r\n品牌类型:肯德基 \r\n'),
('xingya.chen', '', '陈兴亚', '成都办公室-肯德基营运部', 1, '', '', '', '手机号:15934622216 \r\n分机号: \r\n传真: \r\n品牌类型:肯德基 \r\n'),
('xingyong.zhou', '62736855', '周兴勇', '成都办公室-人力资源部', 1, '', '', '', '手机号:15828679617 \r\n分机号:6855 \r\n传真:028-86202311*3450 \r\n品牌类型:肯德基 \r\n'),
('xinxing.dai', '62736876', '戴新星', '成都办公室-财务部', 1, '', '', '', '手机号: \r\n分机号:6876 \r\n传真:028-86202311*2242 \r\n品牌类型:肯德基 \r\n'),
('xiugong.zhu', '0851-85289928', '竺琇珙', '贵阳办公室-行政专员', 1, '', '', '', '手机号:15985102870 \r\n分机号:209 \r\n传真: \r\n品牌类型:肯德基 \r\n'),
('xuan.li', '0851-85289928', '李璇', '贵阳办公室-(肯德基)区经理', 1, '', '', '', '手机号:15120398864 \r\n分机号:207 \r\n传真:028-86202311-0851 \r\n品牌类型:肯德基 \r\n'),
('xue.dong', '62736873', '董雪', '成都办公室-财务部', 1, '', '', '', '手机号: \r\n分机号:6873 \r\n传真:028-86202311*2242 \r\n品牌类型:肯德基 \r\n'),
('xue.li', '63179918', '李雪', '昆明办公室-肯德基营运部', 1, '', '', '', '手机号:18669101800 \r\n分机号:202 \r\n传真:0871-63171708 \r\n品牌类型:肯德基 \r\n'),
('yan.cheng', '', '程艳', '成都办公室-肯德基营运部', 1, '', '', '', '手机号:15808822518 \r\n分机号: \r\n传真: \r\n品牌类型:肯德基 \r\n'),
('yan.tang', '63179918', '唐燕', '昆明办公室-肯德基营运部', 1, '', '', '', '手机号:13888432229 \r\n分机号:214 \r\n传真:0871-63171708 \r\n品牌类型:肯德基 \r\n'),
('yan.yin', '63179918', '尹艳', '昆明办公室-人力资源部', 1, '', '', '', '手机号:18908808288 \r\n分机号:227 \r\n传真:0871-63171708 \r\n品牌类型:肯德基 \r\n'),
('yan.zhang', '63179918', '张艳', '昆明办公室-品管部', 1, '', '', '', '手机号:13888579987 \r\n分机号:231 \r\n传真:0871-63171708 \r\n品牌类型:肯德基 \r\n'),
('yan.zou', '62736823', '邹燕', '成都办公室-人力资源部', 1, '', '', '', '手机号:18982003720 \r\n分机号:6823 \r\n传真:028-86202311*3450 \r\n品牌类型:肯德基 \r\n'),
('yanfei.ji', '63179918', '计燕飞', '昆明办公室-肯德基营运部', 1, '', '', '', '手机号:15987935998 \r\n分机号: \r\n传真:0871-63171708 \r\n品牌类型:肯德基 \r\n'),
('yang.gan', '', '甘扬', '成都办公室-肯德基营运部', 1, '', '', '', '手机号:18983390621 \r\n分机号: \r\n传真: \r\n品牌类型:肯德基 \r\n'),
('yang.zhang', '62736617', '张阳', '成都办公室-财务部', 1, '', '', '', '手机号: \r\n分机号:6617 \r\n传真:028-86202311*2242 \r\n品牌类型:肯德基 \r\n'),
('ye.zhang', '63179918', '张烨', '昆明办公室-肯德基营运部', 1, '', '', '', '手机号:13888049618 \r\n分机号:205 \r\n传真:0871-63171708 \r\n品牌类型:肯德基 \r\n'),
('yi.fan', '63724061', '范毅', '重庆办公室-开发部', 1, '', '', '', '手机号:13883283058 \r\n分机号:217 \r\n传真:023-63030440 \r\n品牌类型:肯德基 \r\n'),
('yicheng.zhong', '62736738', '钟亦承', '成都办公室-品管部', 1, '', '', '', '手机号:18628251916 \r\n分机号:6738 \r\n传真:028-86202311*3542 \r\n品牌类型:肯德基 \r\n'),
('ying.huang', '', '黄莹', '成都办公室-肯德基营运部', 1, '', '', '', '手机号:18981116057 \r\n分机号: \r\n传真: \r\n品牌类型:肯德基 \r\n'),
('yiyuan.liang', '62736880', '梁义元', '成都办公室-财务部', 1, '', '', '', '手机号: \r\n分机号:6880 \r\n传真:028-86202311*2242 \r\n品牌类型:肯德基 \r\n'),
('yongfeng.wang', '', '王永峰', '成都办公室-肯德基营运部', 1, '', '', '', '手机号:18523848886 \r\n分机号: \r\n传真: \r\n品牌类型:肯德基 \r\n'),
('yonggang.he', '62736675', '何永刚', '成都办公室-营建设施部', 1, '', '', '', '手机号:18227639363 \r\n分机号:6675 \r\n传真:028-86202311*3426 \r\n品牌类型:肯德基 \r\n'),
('yongjie.wang', '63724061', '王永杰', '重庆办公室-开发部', 1, '', '', '', '手机号:18602372777 \r\n分机号:217 \r\n传真:023-63030440 \r\n品牌类型:肯德基 \r\n'),
('yongzhu.yang', '63179918', '杨永竹', '昆明办公室-肯德基营运部', 1, '', '', '', '手机号: \r\n分机号: \r\n传真:0871-63171708 \r\n品牌类型:肯德基 \r\n'),
('yoyo.liu', '62736879', '刘芸佑', '成都办公室-财务部', 1, '', '', '', '手机号: \r\n分机号:6879 \r\n传真:028-86202311*2242 \r\n品牌类型:肯德基 \r\n'),
('yuanjie.tang', '62736583', '汤远洁', '成都办公室-开发部', 1, '', '', '', '手机号:18628082939 \r\n分机号:6583 \r\n传真:028-86202311*3491 \r\n品牌类型:肯德基 \r\n'),
('yuanping.li', '62736835', '李远平', '成都办公室-人力资源部', 1, '', '', '', '手机号: \r\n分机号:6835 \r\n传真:028-86202311*3450 \r\n品牌类型:肯德基 \r\n'),
('yumi.liu', '63179918', '刘与密', '昆明办公室-营建设施部', 1, '', '', '', '手机号:13888089996 \r\n分机号:212 \r\n传真:0871-63171708 \r\n品牌类型:肯德基 \r\n'),
('yuntao.fang', '63179918', '方云涛', '昆明办公室-肯德基营运部', 1, '', '', '', '手机号:18987287988 \r\n分机号:208 \r\n传真:0871-63171708 \r\n品牌类型:肯德基 \r\n'),
('yuzhi.wang', '62736665', '王宇志', '成都办公室-营建设施部', 1, '', '', '', '手机号:13540065719 \r\n分机号:6665 \r\n传真:028-86202311*3426 \r\n品牌类型:肯德基 \r\n'),
('zemiao.chen', '62736580', '陈泽淼', '成都办公室-开发部', 1, '', '', '', '手机号:18602809257 \r\n分机号:6580 \r\n传真:028-86202311*3491 \r\n品牌类型:肯德基 \r\n'),
('zhangjenson', '', '张诗洋', '成都办公室-必胜客营运部', 1, '', '', '', '手机号:13769127194 \r\n分机号: \r\n传真:028-86202311*2287 \r\n品牌类型:必胜客 \r\n'),
('zhe.chao', '63179918', '曹喆', '昆明办公室-肯德基营运部', 1, '', '', '', '手机号:18687181896 \r\n分机号:210 \r\n传真:0871-63171708 \r\n品牌类型:肯德基 \r\n'),
('zhen.yuan', '62736653', '袁珍', '成都办公室-营建设施部', 1, '', '', '', '手机号:13438481636 \r\n分机号:6653 \r\n传真:028-86202311*3426 \r\n品牌类型:肯德基 \r\n'),
('zheng.wang', '', '王峥', '成都办公室-肯德基营运部', 1, '', '', '', '手机号:18980088871 \r\n分机号: \r\n传真: \r\n品牌类型:肯德基 \r\n'),
('zhengwei.yi', '62736893', '易诤伟', '成都办公室-财务部', 1, '', '', '', '手机号: \r\n分机号:6893 \r\n传真:028-86202311*2242 \r\n品牌类型:肯德基 \r\n'),
('zhengzhu.li', '62736661', '李征珠', '成都办公室-营建设施部', 1, '', '', '', '手机号:15202819639 \r\n分机号:6661 \r\n传真:028-86202311*3426 \r\n品牌类型:肯德基 \r\n'),
('zhilei.feng', '', '冯之蕾', '成都办公室-肯德基营运部', 1, '', '', '', '手机号:13666265072 \r\n分机号: \r\n传真: \r\n品牌类型:肯德基 \r\n'),
('zhiyong.liang', '63724061', '梁志勇', '重庆办公室-营建设施部', 1, '', '', '', '手机号:18602386006 \r\n分机号:229 \r\n传真:023-63030440 \r\n品牌类型:肯德基 \r\n'),
('zhong.chen', '62736686', '陈中', '成都办公室-市场企划部', 1, '', '', '', '手机号:18180613983 \r\n分机号:6686 \r\n传真:028-86202311 *3416 \r\n品牌类型:肯德基 \r\n'),
('zhonghua.ren', '62736648', '任中华', '成都办公室-营建设施部', 1, '', '', '', '手机号:18682757722 \r\n分机号:6648 \r\n传真:028-86202311*3426 \r\n品牌类型:肯德基 \r\n'),
('zhongxue.yang', '', '杨忠学', '成都办公室-肯德基营运部', 1, '', '', '', '手机号:18628266070 \r\n分机号: \r\n传真: \r\n品牌类型:肯德基 \r\n'),
('zoe.he', '62736805', '何晓刚', '成都办公室-资讯技术部', 1, '', '', '', '手机号: \r\n分机号:6805 \r\n传真:028-86202311*2328 \r\n品牌类型:肯德基 \r\n');

-- --------------------------------------------------------

--
-- 表的结构 `bs_art`
--

CREATE TABLE IF NOT EXISTS `bs_art` (
`id` int(11) NOT NULL,
  `title` varchar(45) NOT NULL,
  `desc` mediumtext NOT NULL
) ENGINE=InnoDB AUTO_INCREMENT=4 DEFAULT CHARSET=utf8;

--
-- 转存表中的数据 `bs_art`
--

INSERT INTO `bs_art` (`id`, `title`, `desc`) VALUES
(1, '忘记密码怎么办？', '                    <p><span style="color:#3333ff;"><strong>一.请检查账号是否添加了 @yum.com 的邮箱后缀</strong></span></p><p><span style="white-space:pre">	如果有添加请取消该后缀</span>，本系统默认使用店号（比如 cd001）或者 邮箱前缀（比如 China.john）作为登录账号。</p><p><br /></p><p><span style="color:#3333ff;"><strong>二 .使用默认密码“123456” 看是否能登录成功</strong></span></p><p><span style="white-space:pre">	</span>系统初始密码和管理员帮忙重置后的密码都默认为“123456”</p><p><br /></p><p><span style="color:#3333ff;"><strong>三.不属于上面两种情况请联系管理员帮忙重置密码</strong></span></p><p><span style="white-space:pre">	</span>管理员邮箱：</p>                '),
(2, '总是提示权限不足？', '                                                                                                    <p><strong><span style="color:#3333ff;">请将如下信息提交至管理员邮箱：</span></strong></p><p><span style="white-space:pre">	1.详细报错信息</span></p><p><span style="white-space:pre"><span style="white-space:pre">	</span>2.使用哪个功能时报错，比如登录时报错，又比如查询数据时报错</span></p>                                                                                '),
(3, '面谈记录（模板下载） ', '<p>（每一页均有面谈者签字）<br /></p><p><a href="http://127.0.0.1/bscy/project/public/upload/1437577670.zip">点击下载模版</a></p><p><br /></p>');

-- --------------------------------------------------------

--
-- 表的结构 `bs_bgyp`
--

CREATE TABLE IF NOT EXISTS `bs_bgyp` (
`id` int(11) NOT NULL,
  `city` varchar(32) DEFAULT NULL,
  `company` varchar(45) DEFAULT NULL,
  `org` varchar(45) DEFAULT NULL,
  `sq_time` int(11) DEFAULT NULL,
  `sqr` varchar(45) DEFAULT NULL,
  `code` varchar(45) DEFAULT NULL,
  `name` varchar(45) DEFAULT NULL,
  `dw` varchar(45) DEFAULT NULL,
  `dj` varchar(45) DEFAULT NULL,
  `cnt` varchar(45) DEFAULT NULL,
  `money` varchar(45) DEFAULT NULL,
  `boss` varchar(45) DEFAULT NULL,
  `desc` varchar(45) DEFAULT NULL,
  `status` tinyint(2) NOT NULL DEFAULT '0',
  `ct_no` varchar(45) DEFAULT NULL
) ENGINE=InnoDB DEFAULT CHARSET=utf8;

-- --------------------------------------------------------

--
-- 表的结构 `bs_contracts`
--

CREATE TABLE IF NOT EXISTS `bs_contracts` (
`id` int(11) NOT NULL,
  `dr_time` int(11) NOT NULL COMMENT '导入时间',
  `yj_time` int(11) DEFAULT NULL COMMENT '邮寄时间',
  `ct_time` int(11) DEFAULT NULL COMMENT '餐厅处理时间',
  `bm_id` varchar(45) NOT NULL COMMENT '部门编号',
  `desc` mediumtext NOT NULL COMMENT '杂项',
  `stage` tinyint(2) NOT NULL COMMENT '当前阶段'
) ENGINE=InnoDB AUTO_INCREMENT=28 DEFAULT CHARSET=utf8;

--
-- 转存表中的数据 `bs_contracts`
--

INSERT INTO `bs_contracts` (`id`, `dr_time`, `yj_time`, `ct_time`, `bm_id`, `desc`, `stage`) VALUES
(10, 1437461079, NULL, NULL, '86019053', '九龙广场|重庆肯德基|服务员||蒋亚玲|重庆|10.2||计时劳动协议-PT|农民工|固定期限||2014-11-03|2017-11-02||餐厅计时自聘服务组|2014-11-05|11/5/2014  1:23:40 PM|86019053服务员2014-11-3-蒋亚玲', 0),
(11, 1437461079, NULL, NULL, '86012081', '上南|成都百胜|服务员||雷童童|内江|9.2||计时劳动协议-PT|一般劳动者|固定期限||2014-07-17|2017-07-16||餐厅计时自聘服务组|2014-11-05|11/5/2014  1:23:40 PM|86012081服务员2014-7-17-雷童童', 0),
(12, 1437461079, NULL, NULL, '86012002', '八宝|成都百胜|服务员||陈建|成都|10.2||计时劳务协议-ZP|劳务|固定期限||2014-11-01|2017-10-31||餐厅计时自聘服务组|2014-11-05|11/5/2014  1:23:40 PM|86012002服务员2014-11-1-陈建', 0),
(13, 1437461079, NULL, NULL, '86012079', '晋阳|成都百胜|服务员||李奇|成都|10.2||计时劳动协议-PT|农民工|固定期限||2014-11-03|2017-11-02||餐厅计时自聘服务组|2014-11-05|11/5/2014  1:23:40 PM|86012079服务员2014-11-3-李奇', 0),
(14, 1437461079, NULL, NULL, '86012079', '晋阳|成都百胜|服务员||谭喨|成都|10.2||计时劳动协议-PT|农民工|固定期限||2014-11-03|2017-11-02||餐厅计时自聘服务组|2014-11-05|11/5/2014  1:23:40 PM|86012079服务员2014-11-3-谭喨', 0),
(15, 1437461079, NULL, 1437382472, '86012075', '站华|成都百胜|服务员||彭春燕|成都|10.2||学生劳务协议-ST|学生兼职|固定期限||2014-10-25|2017-07-31||餐厅计时自聘服务组|2014-11-05|11/5/2014  1:23:40 PM|86012075服务员2014-10-25-彭春燕', 2),
(16, 1437461079, NULL, NULL, '86012177', '黄河路|成都百胜|服务员||雷薇|贵阳|10.2||学生劳务协议-ST|学生兼职|固定期限||2014-11-03|2016-07-31||餐厅计时自聘服务组|2014-11-05|11/5/2014  1:23:40 PM|86012177服务员2014-11-3-雷薇', 0),
(17, 1437461079, NULL, NULL, '86012177', '黄河路|成都百胜|服务员||李喻|贵阳|10.2||学生劳务协议-ST|学生兼职|固定期限||2014-11-03|2016-07-31||餐厅计时自聘服务组|2014-11-05|11/5/2014  1:23:40 PM|86012177服务员2014-11-3-李喻', 0),
(18, 1437461079, NULL, NULL, '86012177', '黄河路|成都百胜|服务员||袁龄|贵阳|10.2||学生劳务协议-ST|学生兼职|固定期限||2014-11-03|2016-07-31||餐厅计时自聘服务组|2014-11-05|11/5/2014  1:23:40 PM|86012177服务员2014-11-3-袁龄', 0),
(19, 1433109600, NULL, NULL, '86019053', '九龙广场|重庆肯德基|服务员||蒋亚玲|重庆|10.2||计时劳动协议-PT|农民工|固定期限||2014-11-03|2017-11-02||餐厅计时自聘服务组|2014-11-05|11/5/2014  1:23:40 PM|86019053服务员2014-11-3-蒋亚玲', 0),
(20, 1433109600, NULL, NULL, '86012081', '上南|成都百胜|服务员||雷童童|内江|9.2||计时劳动协议-PT|一般劳动者|固定期限||2014-07-17|2017-07-16||餐厅计时自聘服务组|2014-11-05|11/5/2014  1:23:40 PM|86012081服务员2014-7-17-雷童童', 0),
(21, 1433109600, NULL, NULL, '86012002', '八宝|成都百胜|服务员||陈建|成都|10.2||计时劳务协议-ZP|劳务|固定期限||2014-11-01|2017-10-31||餐厅计时自聘服务组|2014-11-05|11/5/2014  1:23:40 PM|86012002服务员2014-11-1-陈建', 0),
(22, 1433109600, NULL, NULL, '86012079', '晋阳|成都百胜|服务员||李奇|成都|10.2||计时劳动协议-PT|农民工|固定期限||2014-11-03|2017-11-02||餐厅计时自聘服务组|2014-11-05|11/5/2014  1:23:40 PM|86012079服务员2014-11-3-李奇', 0),
(23, 1433109600, NULL, NULL, '86012079', '晋阳|成都百胜|服务员||谭喨|成都|10.2||计时劳动协议-PT|农民工|固定期限||2014-11-03|2017-11-02||餐厅计时自聘服务组|2014-11-05|11/5/2014  1:23:40 PM|86012079服务员2014-11-3-谭喨', 0),
(24, 1433109600, NULL, NULL, '86012075', '站华|成都百胜|服务员||彭春燕|成都|10.2||学生劳务协议-ST|学生兼职|固定期限||2014-10-25|2017-07-31||餐厅计时自聘服务组|2014-11-05|11/5/2014  1:23:40 PM|86012075服务员2014-10-25-彭春燕', 0),
(25, 1433109600, NULL, NULL, '86012177', '黄河路|成都百胜|服务员||雷薇|贵阳|10.2||学生劳务协议-ST|学生兼职|固定期限||2014-11-03|2016-07-31||餐厅计时自聘服务组|2014-11-05|11/5/2014  1:23:40 PM|86012177服务员2014-11-3-雷薇', 0),
(26, 1433109600, NULL, NULL, '86012177', '黄河路|成都百胜|服务员||李喻|贵阳|10.2||学生劳务协议-ST|学生兼职|固定期限||2014-11-03|2016-07-31||餐厅计时自聘服务组|2014-11-05|11/5/2014  1:23:40 PM|86012177服务员2014-11-3-李喻', 0),
(27, 1433109600, NULL, NULL, '86012177', '黄河路|成都百胜|服务员||袁龄|贵阳|10.2||学生劳务协议-ST|学生兼职|固定期限||2014-11-03|2016-07-31||餐厅计时自聘服务组|2014-11-05|11/5/2014  1:23:40 PM|86012177服务员2014-11-3-袁龄', 0);

-- --------------------------------------------------------

--
-- 表的结构 `bs_dhy`
--

CREATE TABLE IF NOT EXISTS `bs_dhy` (
`id` int(11) NOT NULL,
  `d_time` int(11) DEFAULT NULL,
  `d_bm` varchar(45) DEFAULT NULL,
  `ydr` varchar(45) DEFAULT NULL,
  `d_nr` tinytext,
  `d_hyr` varchar(45) DEFAULT NULL,
  `d_cjr` tinytext,
  `st_time` tinyint(2) DEFAULT NULL,
  `sp_time` tinyint(2) DEFAULT NULL,
  `hys_no` int(11) DEFAULT NULL,
  `ljx` tinyint(1) DEFAULT NULL,
  `ht` tinyint(1) DEFAULT NULL,
  `ykq` tinyint(1) DEFAULT NULL
) ENGINE=InnoDB AUTO_INCREMENT=13 DEFAULT CHARSET=utf8;

--
-- 转存表中的数据 `bs_dhy`
--

INSERT INTO `bs_dhy` (`id`, `d_time`, `d_bm`, `ydr`, `d_nr`, `d_hyr`, `d_cjr`, `st_time`, `sp_time`, `hys_no`, `ljx`, `ht`, `ykq`) VALUES
(1, 20150721, '成都办公室', '熊方磊', '项目二期需求', '熊方磊', '熊方磊,皮皮', 9, 12, 2, 1, 1, 1),
(2, 20150721, '成都办公室', '熊方磊', '123123', '熊方磊', '13', 12, 14, 2, 1, 0, 1),
(3, 20150723, '成都办公室', '熊方磊', '456', '熊方磊', '123', 9, 12, 2, 0, 0, 0),
(4, 20150721, '成都办公室', '熊方磊', '', '熊方磊', '', 9, 12, 5, 1, 0, 1),
(5, 20150721, '成都办公室', '熊方磊', '', '熊方磊', '', 9, 12, 5, 0, 0, 0),
(6, 20150721, '成都办公室', '熊方磊', '', '熊方磊', '', 9, 12, 5, 0, 0, 0),
(7, 20150721, '成都办公室', '熊方磊', '', '熊方磊', '', 9, 12, 5, 0, 0, 0),
(8, 20150721, '成都办公室', '熊方磊', '', '熊方磊', '', 9, 12, 5, 0, 0, 0),
(9, 20150721, '成都办公室', '熊方磊', '', '熊方磊', '', 9, 12, 5, 0, 0, 0),
(10, 20150721, '成都办公室', '熊方磊', '', '熊方磊', '', 8, 12, 5, 0, 0, 0),
(11, 20150721, '成都办公室', '熊方磊', '', '熊方磊', '', 6, 14, 5, 0, 0, 0),
(12, 20150721, '成都办公室', '熊方磊', '', '熊方磊', '', 14, 15, 5, 0, 0, 0);

-- --------------------------------------------------------

--
-- 表的结构 `bs_emp`
--

CREATE TABLE IF NOT EXISTS `bs_emp` (
  `em_id` varchar(16) NOT NULL DEFAULT '' COMMENT '员工编号',
  `name` varchar(45) DEFAULT NULL COMMENT '姓名',
  `hyp` varchar(45) DEFAULT NULL COMMENT '餐厅编号',
  `bm_id` varchar(16) DEFAULT NULL COMMENT '部门编号',
  `sf_id` varchar(18) DEFAULT NULL COMMENT '身份证编号',
  `zw_name` varchar(64) DEFAULT NULL COMMENT '职位名称',
  `ct_name` varchar(128) DEFAULT NULL COMMENT '餐厅名称'
) ENGINE=InnoDB DEFAULT CHARSET=utf8;

--
-- 转存表中的数据 `bs_emp`
--

INSERT INTO `bs_emp` (`em_id`, `name`, `hyp`, `bm_id`, `sf_id`, `zw_name`, `ct_name`) VALUES
('100008549', '沈云瑞', 'whn822', '80151504', '530111198511256716', '餐厅经理-必胜客', '武汉百胜|昆明新螺蛳湾二期店P'),
('100035896', '廖媛', 'wh1551', '86012075', '510203198110250024', '餐厅经理-肯德基', '重庆肯德基|营运部-KFC');

-- --------------------------------------------------------

--
-- 表的结构 `bs_hys`
--

CREATE TABLE IF NOT EXISTS `bs_hys` (
`id` int(11) NOT NULL,
  `city` varchar(45) DEFAULT NULL,
  `name` varchar(45) DEFAULT NULL,
  `num` int(11) DEFAULT NULL,
  `desc` tinytext
) ENGINE=InnoDB AUTO_INCREMENT=6 DEFAULT CHARSET=utf8;

--
-- 转存表中的数据 `bs_hys`
--

INSERT INTO `bs_hys` (`id`, `city`, `name`, `num`, `desc`) VALUES
(1, '成都', '31楼锦江厅', 16, '有投影屏\\有投影仪\\有窗\\暂无三方通话电话、川渝黔滇视频系统'),
(4, '成都', '15楼峨眉厅', 25, '有投影屏\\有投影仪\\DVD\\电视机\\有窗\\免提电话\\川渝黔滇视频系统'),
(5, '昆明', '月牙塘培训教室', 36, '有投影屏、投影仪、白板、有窗');

-- --------------------------------------------------------

--
-- 表的结构 `bs_item`
--

CREATE TABLE IF NOT EXISTS `bs_item` (
`id` int(11) NOT NULL,
  `sp_id` int(11) DEFAULT NULL,
  `sp_name` varchar(128) DEFAULT NULL,
  `sp_dw` varchar(8) DEFAULT NULL,
  `sp_mn` varchar(16) DEFAULT NULL
) ENGINE=InnoDB AUTO_INCREMENT=16 DEFAULT CHARSET=utf8;

--
-- 转存表中的数据 `bs_item`
--

INSERT INTO `bs_item` (`id`, `sp_id`, `sp_name`, `sp_dw`, `sp_mn`) VALUES
(1, 20101336, '渡边A7本子SA7506', '本', '1.25'),
(2, 20102685, '亚龙A596P硬抄', '本', '4.56'),
(3, 20102951, '牛皮纸小信封3号', '个', '0.06'),
(4, 20102968, '白色3#牛皮纸信封', '个', '0.08'),
(5, 20103033, '益而高告示贴TY654', '本', '1.75'),
(6, 20109080, '亚龙便签本', '本', '1.56'),
(7, 20116064, '3M报事贴656（76mm*51mm)', '本', '1.56'),
(8, 20122690, '3M655P报事贴', '本', '3.13'),
(9, 20124304, '亚龙A540页软抄本', '本', '1.56'),
(10, 20127749, '3M指示标签550R', '本', '11.88'),
(11, 20128586, '得力便利贴9062', '本', '2.55'),
(12, 20101336, '渡边A7本子SA7506', '本', '1.25'),
(13, 20102685, '亚龙A596P硬抄', '本', '4.56'),
(14, 20102951, '牛皮纸小信封3号', '个', '0.06'),
(15, 20102968, '白色3#牛皮纸信封', '个', '0.08');

-- --------------------------------------------------------

--
-- 表的结构 `bs_money`
--

CREATE TABLE IF NOT EXISTS `bs_money` (
`id` int(11) NOT NULL,
  `type` int(11) NOT NULL,
  `month` int(11) NOT NULL,
  `cb_id` varchar(16) NOT NULL,
  `yg_id` varchar(16) NOT NULL,
  `yg_name` varchar(32) NOT NULL,
  `desc` text NOT NULL
) ENGINE=InnoDB AUTO_INCREMENT=15 DEFAULT CHARSET=utf8 COMMENT='薪酬表';

--
-- 转存表中的数据 `bs_money`
--

INSERT INTO `bs_money` (`id`, `type`, `month`, `cb_id`, `yg_id`, `yg_name`, `desc`) VALUES
(1, 2, 201507, '86012019', '100038396', '张静', '2680|0|0|0|0|0|0|0|0|0|0|0|0|0|2680|9.6|223.6|62.75|0|0|0|0|0|0|0|0|199|0|2185.05|0|0|0|0|2185.05|'),
(2, 2, 201507, '86012033', '100038286', '龚科鹰', '2660|0|0|0|0|0|332.5|0|0|0|0|0|0|0|2992.5|0|198.08|72.38|13.52|0|0|0|0|0|-13.52|0|173.32|0|2548.72|0|0|0|0|2548.72|'),
(3, 2, 201507, '86012034', '100035961', '魏婧', '2860|0|0|0|0|0|0|0|0|0|0|0|0|0|2860|0|228.8|57.2|14.3|0|0|0|0|0|-32.12|0|222|0|2369.82|0|0|0|0|2369.82|'),
(4, 2, 201507, '86012035', '100037195', '张璇', '2860|0|0|0|0|0|0|0|0|0|0|0|0|0|2860|0|228.8|57.2|14.3|0|0|0|0|0|-32.58|0|204|0|2388.28|0|0|0|0|2388.28|'),
(5, 2, 201507, '86012039', '100038741', '唐英', '2390|0|0|0|0|0|0|0|0|0|0|0|0|0|2390|0|196.08|61.38|10.78|0|0|0|0|0|0|0|152.53|0|1969.23|0|0|0|0|1969.23|'),
(6, 2, 201507, '86012039', '100038843', '谢春琴', '2400|0|0|0|0|0|0|0|0|0|0|0|0|0|2400|0|196.08|61.38|10.78|0|0|0|0|0|0|0|126.63|0|2005.13|0|0|0|0|2005.13|'),
(7, 1, 201507, '86012002', '100037174', '袁帮穗', '11.3|163.8|7|7.25|0|0|0|0|0|0|0|0|0|0|0|0|0|2093.95|0|0|0|0|0|0|0|0|0|0|0|0|0|0|0|2093.95|'),
(8, 1, 201507, '86012002', '100037345', '付晶', '11.3|128.38|5.75|4.75|0|0|0|0|0|0|0|0|0|0|0|0|0|1623.13|0|0|0|0|0|-23.82|0|0|11.91|47.64|130.72|114|0|0|0|1342.68|'),
(9, 1, 201507, '86012002', '100039958', '曹利娜', '13|0|0|0|0|0|0|0|0|0|0|0|0|0|0|0|1930.5|1930.5|0|0|0|0|0|-23.82|0|0|11.91|47.64|187.92|172|0|0|0|1534.85|'),
(10, 1, 201507, '86012002', '100242512', '李会芬', '11.3|195.65|9.25|4.75|114.15|0|0|12.13|0|0|0|0|0|0|0|0|0|2890.94|0|0|0|0|0|0|0|0|0|0|0|0|0|0|0|2890.94|'),
(11, 1, 201506, '86012002', '100037174', '袁帮穗', '11.3|163.8|7|7.25|0|0|0|0|0|0|0|0|0|0|0|0|0|2093.95|0|0|0|0|0|0|0|0|0|0|0|0|0|0|0|2093.95|'),
(12, 1, 201506, '86012002', '100037345', '付晶', '11.3|128.38|5.75|4.75|0|0|0|0|0|0|0|0|0|0|0|0|0|1623.13|0|0|0|0|0|-23.82|0|0|11.91|47.64|130.72|114|0|0|0|1342.68|'),
(13, 1, 201506, '86012002', '100039958', '曹利娜', '13|0|0|0|0|0|0|0|0|0|0|0|0|0|0|0|1930.5|1930.5|0|0|0|0|0|-23.82|0|0|11.91|47.64|187.92|172|0|0|0|1534.85|'),
(14, 1, 201506, '86012002', '100242512', '李会芬', '11.3|195.65|9.25|4.75|114.15|0|0|12.13|0|0|0|0|0|0|0|0|0|2890.94|0|0|0|0|0|0|0|0|0|0|0|0|0|0|0|2890.94|');

-- --------------------------------------------------------

--
-- 表的结构 `bs_order`
--

CREATE TABLE IF NOT EXISTS `bs_order` (
`id` int(11) NOT NULL,
  `emp_id` varchar(45) DEFAULT NULL COMMENT '员工编号',
  `q_jl` varchar(45) DEFAULT NULL,
  `qy_jl` varchar(45) DEFAULT NULL,
  `wj_lx` varchar(128) DEFAULT NULL COMMENT '违纪类型',
  `wj_tk` varchar(128) DEFAULT NULL COMMENT '违纪条款',
  `wj_sj` tinytext COMMENT '违纪事件',
  `wj_jl` tinytext COMMENT '违纪结论',
  `fj` tinytext COMMENT '附加证据',
  `tj_time` int(11) DEFAULT NULL COMMENT '提交日期',
  `sx_time` int(11) DEFAULT NULL COMMENT '生效日期',
  `stage` varchar(128) DEFAULT NULL COMMENT '当前阶段',
  `admin` varchar(45) DEFAULT NULL COMMENT '谁处理的',
  `ct_no` varchar(45) NOT NULL COMMENT '餐厅编号',
  `type` tinyint(2) NOT NULL,
  `ja_time` int(11) DEFAULT NULL COMMENT '结案日期',
  `wj_time` int(11) DEFAULT NULL COMMENT '违纪发生时间',
  `yg_name` varchar(36) DEFAULT NULL,
  `yg_zw` varchar(64) DEFAULT NULL,
  `yg_ct` varchar(128) DEFAULT NULL,
  `tz_email` varchar(128) DEFAULT NULL,
  `sfz` varchar(24) NOT NULL
) ENGINE=InnoDB AUTO_INCREMENT=5 DEFAULT CHARSET=utf8;

--
-- 转存表中的数据 `bs_order`
--

INSERT INTO `bs_order` (`id`, `emp_id`, `q_jl`, `qy_jl`, `wj_lx`, `wj_tk`, `wj_sj`, `wj_jl`, `fj`, `tj_time`, `sx_time`, `stage`, `admin`, `ct_no`, `type`, `ja_time`, `wj_time`, `yg_name`, `yg_zw`, `yg_ct`, `tz_email`, `sfz`) VALUES
(4, '100008549', '蔡玉娟', '许燕', 'A-违反现金操作', 'A-2-不打单或少打单获取现金', '123', '456', '', 1437561802, 1433109600, '资料审核中', 'admin', 'admin', 0, 1437219077, 1435096800, '沈云瑞', '餐厅经理-必胜客', '武汉百胜-昆明新螺蛳湾二期店P', 'jsjscool@163.com', '530111198511256716');

-- --------------------------------------------------------

--
-- 表的结构 `bs_pwd`
--

CREATE TABLE IF NOT EXISTS `bs_pwd` (
  `username` varchar(128) NOT NULL,
  `password` varchar(32) NOT NULL
) ENGINE=InnoDB DEFAULT CHARSET=utf8;

--
-- 转存表中的数据 `bs_pwd`
--

INSERT INTO `bs_pwd` (`username`, `password`) VALUES
('abby.zhang', 'e10adc3949ba59abbe56e057f20f883e'),
('admin', 'e10adc3949ba59abbe56e057f20f883e'),
('wh1551', 'e10adc3949ba59abbe56e057f20f883e'),
('whn822', 'e10adc3949ba59abbe56e057f20f883e');

-- --------------------------------------------------------

--
-- 表的结构 `bs_temp`
--

CREATE TABLE IF NOT EXISTS `bs_temp` (
`id` int(11) NOT NULL,
  `desc` mediumtext NOT NULL,
  `ct_no` varchar(32) DEFAULT NULL
) ENGINE=InnoDB AUTO_INCREMENT=71 DEFAULT CHARSET=utf8;

--
-- 转存表中的数据 `bs_temp`
--

INSERT INTO `bs_temp` (`id`, `desc`, `ct_no`) VALUES
(57, '廖燕|511023199412106060|ST|学生劳务时薪-(劳务协议)|学生兼职|服务员|8.50 元/小时|固定期限|2014/04/01|2015/07/31||', 'cdu002'),
(58, '钟朝玲|511527199508051829|ST|学生劳务时薪-(劳务协议)|学生兼职|服务员|8.50 元/小时|固定期限|2014/11/01|2017/07/31||', 'cdu005'),
(59, '阳强|511322199406287811|ST|学生劳务时薪-(劳务协议)|学生兼职|服务员|8.50 元/小时|固定期限|2014/04/01|2016/07/31||', 'cdu019'),
(60, '王露丹|511025199511017365|ST|学生劳务时薪-(劳务协议)|学生兼职|服务员|8.50 元/小时|固定期限|2014/04/01|2015/07/31||', 'cdu027'),
(61, '江玉|510322199004228228|MGR|管理组-(劳动合同)|一般劳动者|管理组|0.00 元/月|固定期限|2014/04/01|2017/03/31||', 'cdu031'),
(62, '杨利铭|513701198409196621|MGR|管理组-(劳动合同)|一般劳动者|管理组|0.00 元/月|无固定期限|||2014/04/04|', 'cdu032'),
(63, '王丹|513901198904240045|PT|全日制时薪-(劳动合同)|一般劳动者|服务员|8.50 元/小时|固定期限|2014/03/22|2017/03/21||', 'cdu033'),
(64, '高恒|510121199507282675|ST|学生劳务时薪-(劳务协议)|学生兼职|服务员|8.50 元/小时|固定期限|2014/04/01|2016/07/31||', 'cdu034'),
(65, '石久锋|513022199408255173|ST|学生劳务时薪-(劳务协议)|学生兼职|服务员|8.50 元/小时|固定期限|2014/04/01|2017/04/01||', 'cdu035'),
(66, '张瑞萍|513902199001013440|PT|全日制时薪-(劳动合同)|农民工|行政文员|10.40 元/小时|固定期限|2014/09/18|2017/09/17||', 'cdu036'),
(67, '王倩|513901199607290729|PT|全日制时薪-(劳动合同)|一般劳动者|服务员|8.50 元/小时|固定期限|2014/11/14|2017/11/13||', 'cdu037'),
(68, '罗萍|513901199205156420|ST|学生劳务时薪-(劳务协议)|学生兼职|服务员|8.50 元/小时|固定期限|2014/07/03|2015/07/31||', 'cdu038'),
(69, '杨春英|511081198102104544|PT|全日制时薪-(劳动合同)|一般劳动者|训练员|10.00 元/小时|固定期限|2014/03/20|2017/03/19||', 'cdu039'),
(70, '罗珠容|513902199602274064|ST|学生劳务时薪-(劳务协议)|学生兼职|服务员|8.50 元/小时|固定期限|2014/04/01|2016/07/31||', 'cdu040');

-- --------------------------------------------------------

--
-- 表的结构 `bs_wj`
--

CREATE TABLE IF NOT EXISTS `bs_wj` (
`id` int(11) NOT NULL,
  `wx_type` varchar(45) NOT NULL COMMENT '违纪类型',
  `wj_tk` varchar(90) NOT NULL COMMENT '违纪条款',
  `wj_al` varchar(90) DEFAULT NULL COMMENT '违纪案例',
  `wj_zj` tinytext COMMENT '违纪证据'
) ENGINE=InnoDB AUTO_INCREMENT=4 DEFAULT CHARSET=utf8;

--
-- 转存表中的数据 `bs_wj`
--

INSERT INTO `bs_wj` (`id`, `wx_type`, `wj_tk`, `wj_al`, `wj_zj`) VALUES
(2, 'A-违反现金操作', 'A-2-不打单或少打单获取现金', '旷工两天(兼职/学生员工)', '旷工期间班表\r\n'),
(3, 'B-违反食品安全', 'B-1-售卖过期产品', '违反现金操作流程', '收银系统记录\r\n值班经理或相关证明人陈述材料 <a target="_blank" href="http://120.25.161.122/bscy/project/index.php/home/index/3"><span style="color: red;">模板下载</span></a>\r\nCCTV（餐厅保存）');

--
-- Indexes for dumped tables
--

--
-- Indexes for table `authassignment`
--
ALTER TABLE `authassignment`
 ADD PRIMARY KEY (`itemname`,`userid`);

--
-- Indexes for table `authitem`
--
ALTER TABLE `authitem`
 ADD PRIMARY KEY (`name`);

--
-- Indexes for table `authitemchild`
--
ALTER TABLE `authitemchild`
 ADD PRIMARY KEY (`parent`,`child`), ADD KEY `child` (`child`);

--
-- Indexes for table `bs_admin`
--
ALTER TABLE `bs_admin`
 ADD PRIMARY KEY (`username`), ADD UNIQUE KEY `username` (`username`);

--
-- Indexes for table `bs_art`
--
ALTER TABLE `bs_art`
 ADD PRIMARY KEY (`id`), ADD UNIQUE KEY `id_UNIQUE` (`id`);

--
-- Indexes for table `bs_bgyp`
--
ALTER TABLE `bs_bgyp`
 ADD PRIMARY KEY (`id`), ADD UNIQUE KEY `id_UNIQUE` (`id`);

--
-- Indexes for table `bs_contracts`
--
ALTER TABLE `bs_contracts`
 ADD PRIMARY KEY (`id`), ADD UNIQUE KEY `id_UNIQUE` (`id`);

--
-- Indexes for table `bs_dhy`
--
ALTER TABLE `bs_dhy`
 ADD PRIMARY KEY (`id`), ADD UNIQUE KEY `id_UNIQUE` (`id`);

--
-- Indexes for table `bs_emp`
--
ALTER TABLE `bs_emp`
 ADD PRIMARY KEY (`em_id`), ADD UNIQUE KEY `id_UNIQUE` (`em_id`);

--
-- Indexes for table `bs_hys`
--
ALTER TABLE `bs_hys`
 ADD PRIMARY KEY (`id`), ADD UNIQUE KEY `id_UNIQUE` (`id`);

--
-- Indexes for table `bs_item`
--
ALTER TABLE `bs_item`
 ADD PRIMARY KEY (`id`), ADD UNIQUE KEY `id_UNIQUE` (`id`);

--
-- Indexes for table `bs_money`
--
ALTER TABLE `bs_money`
 ADD PRIMARY KEY (`id`), ADD UNIQUE KEY `id` (`id`);

--
-- Indexes for table `bs_order`
--
ALTER TABLE `bs_order`
 ADD PRIMARY KEY (`id`), ADD UNIQUE KEY `id_UNIQUE` (`id`);

--
-- Indexes for table `bs_pwd`
--
ALTER TABLE `bs_pwd`
 ADD PRIMARY KEY (`username`), ADD UNIQUE KEY `username` (`username`);

--
-- Indexes for table `bs_temp`
--
ALTER TABLE `bs_temp`
 ADD PRIMARY KEY (`id`);

--
-- Indexes for table `bs_wj`
--
ALTER TABLE `bs_wj`
 ADD PRIMARY KEY (`id`);

--
-- AUTO_INCREMENT for dumped tables
--

--
-- AUTO_INCREMENT for table `bs_art`
--
ALTER TABLE `bs_art`
MODIFY `id` int(11) NOT NULL AUTO_INCREMENT,AUTO_INCREMENT=4;
--
-- AUTO_INCREMENT for table `bs_bgyp`
--
ALTER TABLE `bs_bgyp`
MODIFY `id` int(11) NOT NULL AUTO_INCREMENT;
--
-- AUTO_INCREMENT for table `bs_contracts`
--
ALTER TABLE `bs_contracts`
MODIFY `id` int(11) NOT NULL AUTO_INCREMENT,AUTO_INCREMENT=28;
--
-- AUTO_INCREMENT for table `bs_dhy`
--
ALTER TABLE `bs_dhy`
MODIFY `id` int(11) NOT NULL AUTO_INCREMENT,AUTO_INCREMENT=13;
--
-- AUTO_INCREMENT for table `bs_hys`
--
ALTER TABLE `bs_hys`
MODIFY `id` int(11) NOT NULL AUTO_INCREMENT,AUTO_INCREMENT=6;
--
-- AUTO_INCREMENT for table `bs_item`
--
ALTER TABLE `bs_item`
MODIFY `id` int(11) NOT NULL AUTO_INCREMENT,AUTO_INCREMENT=16;
--
-- AUTO_INCREMENT for table `bs_money`
--
ALTER TABLE `bs_money`
MODIFY `id` int(11) NOT NULL AUTO_INCREMENT,AUTO_INCREMENT=15;
--
-- AUTO_INCREMENT for table `bs_order`
--
ALTER TABLE `bs_order`
MODIFY `id` int(11) NOT NULL AUTO_INCREMENT,AUTO_INCREMENT=5;
--
-- AUTO_INCREMENT for table `bs_temp`
--
ALTER TABLE `bs_temp`
MODIFY `id` int(11) NOT NULL AUTO_INCREMENT,AUTO_INCREMENT=71;
--
-- AUTO_INCREMENT for table `bs_wj`
--
ALTER TABLE `bs_wj`
MODIFY `id` int(11) NOT NULL AUTO_INCREMENT,AUTO_INCREMENT=4;
--
-- 限制导出的表
--

--
-- 限制表 `authassignment`
--
ALTER TABLE `authassignment`
ADD CONSTRAINT `authassignment_ibfk_1` FOREIGN KEY (`itemname`) REFERENCES `authitem` (`name`) ON DELETE CASCADE ON UPDATE CASCADE;

--
-- 限制表 `authitemchild`
--
ALTER TABLE `authitemchild`
ADD CONSTRAINT `authitemchild_ibfk_1` FOREIGN KEY (`parent`) REFERENCES `authitem` (`name`) ON DELETE CASCADE ON UPDATE CASCADE,
ADD CONSTRAINT `authitemchild_ibfk_2` FOREIGN KEY (`child`) REFERENCES `authitem` (`name`) ON DELETE CASCADE ON UPDATE CASCADE;

/*!40101 SET CHARACTER_SET_CLIENT=@OLD_CHARACTER_SET_CLIENT */;
/*!40101 SET CHARACTER_SET_RESULTS=@OLD_CHARACTER_SET_RESULTS */;
/*!40101 SET COLLATION_CONNECTION=@OLD_COLLATION_CONNECTION */;

CREATE TABLE `bs_col` (
  `id` int(11) NOT NULL AUTO_INCREMENT,
  `month` int(11) DEFAULT NULL,
  `am` varchar(45) DEFAULT NULL,
  `dm` varchar(45) DEFAULT NULL,
  `ct_id` varchar(32) DEFAULT NULL,
  `desc` mediumtext,
  `ct_name` varchar(64) DEFAULT NULL,
  PRIMARY KEY (`id`),
  UNIQUE KEY `id_UNIQUE` (`id`)
) ENGINE=InnoDB AUTO_INCREMENT=21 DEFAULT CHARSET=utf8;

CREATE TABLE `bs_coli` (
  `month` int(11) NOT NULL COMMENT '月份',
  `desc` mediumtext COMMENT '月份对应的项',
  `type` tinyint(2) NOT NULL DEFAULT '0',
  PRIMARY KEY (`month`),
  UNIQUE KEY `month_UNIQUE` (`month`)
) ENGINE=InnoDB DEFAULT CHARSET=utf8;

CREATE TABLE `bs_item` (
  `id` int(11) NOT NULL AUTO_INCREMENT,
  `sp_id` int(11) DEFAULT NULL,
  `sp_name` varchar(128) DEFAULT NULL,
  `sp_dw` varchar(8) DEFAULT NULL,
  `sp_mn` varchar(16) DEFAULT NULL,
  PRIMARY KEY (`id`),
  UNIQUE KEY `id_UNIQUE` (`id`)
) ENGINE=InnoDB AUTO_INCREMENT=1 DEFAULT CHARSET=utf8;
